team_id,category_id,category_rank,team_total_time,team_total_seconds,team_name,team_avg_time,team_avg_seconds
1,1,1,5:30:28,19828,Deloitte LLP,41:19,2479
2,1,2,5:41:20,20480,Ernst and Young,42:40,2560
3,1,3,5:42:56,20576,PwC,42:52,2572
4,1,4,5:49:13,20953,KPMG LLP,43:40,2620
5,1,5,6:01:41,21701,MNP,45:13,2713
6,1,6,6:15:51,22551,BDO (Vancouver),46:59,2819
7,1,7,6:32:23,23543,Manning Elliott,49:03,2943
8,1,8,6:57:08,25028,Baker Tilly,52:09,3129
9,1,9,7:01:31,25291,DMCL,52:42,3162
10,1,10,7:05:42,25542,BBA Accounting Group Inc.,53:13,3193
11,1,11,7:19:20,26360,DAVIDSON,54:55,3295
12,1,12,7:25:58,26758,Doane Dashers,55:45,3345
13,1,13,7:37:16,27436,The Colder Lawn,57:10,3430
14,1,14,7:39:31,27571,Great Eight,57:27,3447
15,1,15,8:03:46,29026,Team Clearline,1:00:29,3629
16,1,16,8:14:03,29643,Smythe in the Fast Lane,1:01:46,3706
17,1,17,9:20:36,33636,Rolfe Benson,1:10:05,4205
18,1,18,10:21:49,37309,AFFINITY ACCOUNTANTS LLP,1:17:44,4664
19,1,19,11:46:02,42362,Loewen Kruse CPA,1:28:16,5296
20,2,1,6:48:12,24492,Victory Running Club,51:02,3062
21,2,2,6:56:38,24998,POSTMEDIA,52:05,3125
22,2,3,7:25:30,26730,Tradable Bits,55:42,3342
23,2,4,7:32:23,27143,Later 2026,56:33,3393
24,2,5,7:54:51,28491,Niche VFX,59:22,3562
25,2,6,8:07:52,29272,UNITE Partnerships,1:00:59,3659
26,2,7,8:31:41,30701,Pohl Strategic Marketing,1:03:58,3838
27,2,8,8:35:03,30903,Thinkingbox,1:04:23,3863
28,2,9,8:35:26,30926,OFFSIDE,1:04:26,3866
29,2,10,9:07:44,32864,Coastal Mountain Fuels,1:08:28,4108
30,2,11,9:15:40,33340,The Ice Cubes,1:09:28,4168
31,2,12,11:29:53,41393,CREATOR,1:26:15,5175
32,3,1,5:16:46,19006,UBC Faculty of Medicine,39:36,2376
33,3,2,5:27:20,19640,SFU Run Lab,40:55,2455
34,3,3,5:59:18,21558,UBC EOAS Sun Run Team,44:55,2695
35,3,4,6:07:47,22067,SFU Mechatronic Systems Engineering,45:59,2759
36,3,5,6:08:09,22089,School of Biomedical Engineering,46:02,2762
37,3,6,6:25:23,23123,Running Wolves,48:11,2891
38,3,7,6:29:07,23347,New West Schools,48:39,2919
39,3,8,6:31:42,23502,UBC Sauder Striders,48:58,2938
40,3,9,6:38:42,23922,BCIT Med Lab,49:51,2991
41,3,10,6:48:51,24531,UBC Forestry,51:07,3067
42,3,11,7:07:25,25645,Mustangs - 10K,53:26,3206
43,3,12,7:08:31,25711,CSGSA,53:34,3214
44,3,13,7:09:56,25796,Margaret's Dashing Delinquents,53:45,3225
45,3,14,7:20:08,26408,UBC Centre for Blood Research,55:01,3301
46,3,15,7:24:32,26672,ECEGSA,55:34,3334
47,3,16,7:31:36,27096,STA (High School),56:27,3387
48,3,17,7:31:57,27117,MBB Gel Runners,56:30,3390
49,3,18,7:34:07,27247,Sagan and Friends,56:46,3406
50,3,19,7:38:10,27490,Southpointe Titans,57:17,3437
51,3,20,7:41:00,27660,Surrey Schools Run Crew,57:38,3458
52,3,21,7:43:02,27782,Brankin Bears,57:53,3473
53,3,22,7:43:34,27814,MDS X,57:57,3477
54,3,23,7:43:37,27817,SFU Franco,57:58,3478
55,3,24,7:45:09,27909,Northeastern University,58:09,3489
56,3,25,7:52:43,28363,HOPE Teachers,59:06,3546
57,3,26,7:56:08,28568,Systopia,59:31,3571
58,3,27,8:07:35,29255,PM Lions,1:00:57,3657
59,3,28,8:17:04,29824,BCIT School of Energy,1:02:08,3728
60,3,29,8:23:30,30210,JPCANADA,1:02:57,3777
61,3,30,8:23:49,30229,Chenko Studios,1:02:59,3779
62,3,31,8:23:54,30234,Maple Grove,1:03:00,3780
63,3,32,8:29:53,30593,Sundevils,1:03:45,3825
64,3,33,8:34:01,30841,UBC Faculty of Land and Food Systems,1:04:16,3856
65,3,34,8:42:43,31363,CHS RIDERS,1:05:21,3921
66,3,35,8:42:58,31378,CUPE 379,1:05:23,3923
67,3,36,8:49:07,31747,MKZ Dragons,1:06:09,3969
68,3,37,8:54:18,32058,BPM,1:06:48,4008
69,3,38,8:55:37,32137,Oxford International Vancouver,1:06:58,4018
70,3,39,8:56:45,32205,KPU,1:07:06,4026
71,3,40,8:57:06,32226,Vancouver Public Library Fast Reads,1:07:09,4029
72,3,41,9:13:17,33197,CIRA Arts High School,1:09:10,4150
73,3,42,9:16:03,33363,CEFA Early Learning,1:09:31,4171
74,3,43,9:26:16,33976,Bonaccord STARS,1:10:47,4247
75,3,44,9:31:18,34278,Indigenous Student Team (K xwusm- yakn),1:11:25,4285
76,3,45,9:40:20,34820,Pour Choices Club,1:12:33,4353
77,3,46,9:41:29,34889,Arts ISIT,1:12:42,4362
78,3,47,9:41:42,34902,MB Sanford Elementary,1:12:43,4363
79,3,48,9:55:52,35752,ONE STEP BEHIND SANDRA,1:14:29,4469
80,3,49,10:01:13,36073,Mechanics of Music,1:15:10,4510
81,3,50,10:07:59,36479,Mountainview Montessori,1:16:00,4560
82,3,51,10:08:45,36525,IE University Alumni,1:16:06,4566
83,3,52,10:11:09,36669,Moody Orcas,1:16:24,4584
84,3,53,10:14:58,36898,St. Paul School,1:16:53,4613
85,3,54,10:20:25,37225,Emily Carr University of Art + Design,1:17:34,4654
86,3,55,10:28:07,37687,the cheetah girls,1:18:31,4711
87,3,56,10:41:45,38505,Aatse Davie X-Country,1:20:14,4814
88,3,57,11:15:38,40538,Surrey Students Deserve Better,1:24:28,5068
89,3,58,11:26:59,41219,AUG to UAA,1:25:53,5153
90,3,59,11:28:02,41282,trust your talent,1:26:01,5161
91,3,60,11:52:16,42736,Relentless Wolves,1:29:02,5342
92,3,61,12:07:16,43636,TJ's & Tinker's,1:30:55,5455
93,3,62,12:16:49,44209,Soleful Spirits,1:32:07,5527
94,3,63,12:22:26,44546,VTech LeapFrog,1:32:49,5569
95,3,64,13:06:02,47162,Westview Wild,1:38:16,5896
96,3,65,13:34:48,48888,Ph nix  GR,1:41:51,6111
97,3,66,13:35:04,48904,Blue Ocean Education,1:41:53,6113
98,3,67,14:04:39,50679,Earth Child Stars,1:45:35,6335
99,3,68,15:25:31,55531,Department of Psychiatric Nursing,1:55:42,6942
100,4,1,5:30:07,19807,WSP,41:16,2476
101,4,2,5:31:48,19908,Knight Piesold Canada,41:29,2489
102,4,3,5:32:38,19958,BGC,41:35,2495
103,4,4,5:39:03,20343,AECOM,42:23,2543
104,4,5,5:41:10,20470,HATCH MANI-+FAST+-O,42:39,2559
105,4,6,5:42:29,20549,STANTEC,42:49,2569
106,4,7,5:44:22,20662,Metro Vancouver,43:03,2583
107,4,8,5:48:53,20933,McElhanney,43:37,2617
108,4,9,5:48:57,20937,AtkinsR alis,43:38,2618
109,4,10,5:55:24,21324,Mott MacDonald,44:26,2666
110,4,11,5:56:23,21383,ISL Engineering,44:33,2673
111,4,12,5:57:25,21445,Team Kardium,44:41,2681
112,4,13,5:59:00,21540,Klohn Crippen Berger,44:53,2693
113,4,14,6:00:25,21625,Delta-Q Technologies,45:04,2704
114,4,15,6:09:06,22146,RDH Building Science,46:09,2769
115,4,16,6:09:17,22157,Fast + Epp,46:10,2770
116,4,17,6:09:52,22192,JDS Energy & Mining,46:14,2774
117,4,18,6:10:49,22249,GO RUN 2.0,46:22,2782
118,4,19,6:13:56,22436,TEAM RJC,46:45,2805
119,4,20,6:15:36,22536,FLUOR (FLUOR CANADA),46:57,2817
120,4,21,6:16:00,22560,GeoAdvice,47:00,2820
121,4,22,6:16:05,22565,Peter Kiewit and Runs,47:01,2821
122,4,23,6:16:10,22570,Dometic,47:02,2822
123,4,24,6:16:15,22575,Thurber,47:02,2822
124,4,25,6:17:01,22621,Zaber Technologies,47:08,2828
125,4,26,6:17:46,22666,ACCIONA,47:14,2834
126,4,27,6:20:46,22846,Glotman Simpson Consulting Engineers,47:36,2856
127,4,28,6:21:00,22860,Core6 Environmental,47:38,2858
128,4,29,6:22:00,22920,Aplin Martin,47:45,2865
129,4,30,6:24:07,23047,Ausenco,48:01,2881
130,4,31,6:25:05,23105,Worley Vancouver,48:09,2889
131,4,32,6:27:50,23270,Associated Engineering,48:29,2909
132,4,33,6:28:03,23283,IFD Technologies,48:31,2911
133,4,34,6:28:07,23287,Team SRK,48:31,2911
134,4,35,6:29:49,23389,Smith + Andersen,48:44,2924
135,4,36,6:29:59,23399,Kontur Geotechnical Consultants Inc.,48:45,2925
136,4,37,6:31:08,23468,MISTYWEST,48:54,2934
137,4,38,6:32:08,23528,RAdical RAcers,49:01,2941
138,4,39,6:33:02,23582,Carbon Engineering,49:08,2948
139,4,40,6:33:45,23625,Saltworks Technologies,49:14,2954
140,4,41,6:33:47,23627,GeoPacific Engineered To Run,49:14,2954
141,4,42,6:34:23,23663,Team Haakon,49:18,2958
142,4,43,6:37:36,23856,KWL Crows,49:42,2982
143,4,44,6:43:27,24207,Remitly,50:26,3026
144,4,45,6:43:30,24210,Motorola Solutions,50:27,3027
145,4,46,6:50:26,24626,Binnie,51:19,3079
146,4,47,6:51:44,24704,Brock Solutions,51:28,3088
147,4,48,6:55:14,24914,HH ANGUS,51:55,3115
148,4,49,6:57:10,25030,Sense-Pace-tionals,52:09,3129
149,4,50,7:00:14,25214,Sedgman,52:32,3152
150,4,51,7:00:19,25219,Flow Engineering,52:33,3153
151,4,52,7:01:25,25285,Introba,52:41,3161
152,4,53,7:02:18,25338,MTT,52:48,3168
153,4,54,7:02:21,25341,Urban Systems,52:48,3168
154,4,55,7:03:13,25393,Bunt Runners,52:55,3175
155,4,56,7:03:37,25417,CIMA+,52:58,3178
156,4,57,7:04:34,25474,Astera Labs,53:05,3185
157,4,58,7:05:17,25517,Powertech Runners,53:10,3190
158,4,59,7:06:46,25606,HDR CANADA,53:21,3201
159,4,60,7:07:07,25627,BLOCK,53:24,3204
160,4,61,7:08:37,25717,WHM STRUCTURAL ENGINEERS,53:35,3215
161,4,62,7:08:44,25724,PBX,53:36,3216
162,4,63,7:09:22,25762,RAM Runners,53:41,3221
163,4,64,7:11:36,25896,Airtight and Outta Sight,53:57,3237
164,4,65,7:12:43,25963,O'M Engineering,54:06,3246
165,4,66,7:14:37,26077,Dam we're fast,54:20,3260
166,4,67,7:15:38,26138,Quattro Constructors,54:28,3268
167,4,68,7:16:18,26178,Hydrogen Hounds,54:33,3273
168,4,69,7:16:32,26192,Two Circles,54:34,3274
169,4,70,7:17:26,26246,RUNNING ON HYDROGEN,54:41,3281
170,4,71,7:18:06,26286,The Seequenters,54:46,3286
171,4,72,7:20:26,26426,COWI,55:04,3304
172,4,73,7:21:42,26502,ALS CANADA,55:13,3313
173,4,74,7:22:44,26564,OSENSA Innovations,55:21,3321
174,4,75,7:22:57,26577,MCW Consultants,55:23,3323
175,4,76,7:23:37,26617,Cirque du iniem,55:28,3328
176,4,77,7:24:10,26650,Ballard Power Systems,55:32,3332
177,4,78,7:24:37,26677,GREENLANE RENEWABLES,55:35,3335
178,4,79,7:26:21,26781,Spartan Controls,55:48,3348
179,4,80,7:29:12,26952,Kasian,56:09,3369
180,4,81,7:30:12,27012,Water Street Engineering,56:17,3377
181,4,82,7:30:36,27036,Keystone Environmental,56:20,3380
182,4,83,7:34:21,27261,OSI Maritime Systems,56:48,3408
183,4,84,7:35:32,27332,HITACHI RAIL,56:57,3417
184,4,85,7:35:36,27336,Wexxar Packaging,56:57,3417
185,4,86,7:36:20,27380,AME Group,57:03,3423
186,4,87,7:40:36,27636,Linesight Vancouver,57:35,3455
187,4,88,7:41:44,27704,CADMAKERS,57:43,3463
188,4,89,7:42:01,27721,Menard Canada Runners,57:46,3466
189,4,90,7:42:10,27730,EMB,57:47,3467
190,4,91,7:43:16,27796,VDZ+A,57:55,3475
191,4,92,7:47:50,28070,BBA CONSULTANTS,58:29,3509
192,4,93,7:47:51,28071,Bush Bohlman Partners,58:29,3509
193,4,94,7:48:41,28121,Primary Power Pacers,58:36,3516
194,4,95,7:50:45,28245,Demonware,58:51,3531
195,4,96,7:51:31,28291,ENTELOPES,58:57,3537
196,4,97,7:51:58,28318,Team LMDG,59:00,3540
197,4,98,7:53:56,28436,FPS,59:15,3555
198,4,99,7:55:00,28500,DNA,59:23,3563
199,4,100,7:55:53,28553,Vitacore's Runnovation Squad,59:30,3570
200,4,101,7:56:56,28616,ConeRunners,59:37,3577
201,4,102,7:58:44,28724,TYLin,59:51,3591
202,4,103,7:59:02,28742,BASIS Engineering,59:53,3593
203,4,104,7:59:48,28788,Canal,59:59,3599
204,4,105,8:00:36,28836,Vancouver Fartlekkers,1:00:05,3605
205,4,106,8:00:55,28855,Kinda Doing Sports,1:00:07,3607
206,4,107,8:02:53,28973,HP CANADA,1:00:22,3622
207,4,108,8:02:59,28979,ANDRITZ,1:00:23,3623
208,4,109,8:07:54,29274,Prism Engineering,1:01:00,3660
209,4,110,8:07:56,29276,CORE Vancouver,1:01:00,3660
210,4,111,8:15:22,29722,MCM Architects,1:01:56,3716
211,4,112,8:15:46,29746,Vanderlande,1:01:59,3719
212,4,113,8:16:51,29811,Temec Engineering,1:02:07,3727
213,4,114,8:21:04,30064,ELOMATIC,1:02:38,3758
214,4,115,8:24:24,30264,SCHNEIDER ELECTRIC CANADA,1:03:03,3783
215,4,116,8:27:10,30430,CEC GROUP,1:03:24,3804
216,4,117,8:35:49,30949,_EQUILIBRIUM_,1:04:29,3869
217,4,118,8:41:28,31288,AES Engineering,1:05:11,3911
218,4,119,8:47:18,31638,Norda Stelo,1:05:55,3955
219,4,120,9:05:53,32753,Laporte Engineering,1:08:15,4095
220,4,121,9:06:30,32790,Tidalis,1:08:19,4099
221,4,122,9:07:31,32851,McMillen,1:08:27,4107
222,4,123,9:09:25,32965,Novarc Technologies,1:08:41,4121
223,4,124,9:13:33,33213,Charter Project Delivery,1:09:12,4152
224,4,125,9:25:44,33944,Pontem Group,1:10:43,4243
225,4,126,9:31:27,34287,VoltEagles,1:11:26,4286
226,4,127,9:43:21,35001,PARSONS,1:12:56,4376
227,4,128,9:45:12,35112,EXP Services,1:13:09,4389
228,4,129,10:46:52,38812,Team Beaver,1:20:52,4852
229,4,130,10:58:06,39486,QCA Systems,1:22:16,4936
230,4,131,11:15:53,40553,Aarcomm Systems,1:24:30,5070
231,4,132,11:29:36,41376,Metro Testing + Engineering,1:26:12,5172
232,4,133,11:29:50,41390,RIMKUS,1:26:14,5174
233,4,134,16:41:46,60106,Team Applied,2:05:14,7514
234,5,1,5:35:27,20127,Orbis Investments,41:56,2516
235,5,2,6:02:21,21741,Highland West Capital,45:18,2718
236,5,3,6:14:06,22446,RBC Global Asset Management,46:46,2806
237,5,4,6:17:15,22635,BDC,47:10,2830
238,5,5,6:20:35,22835,CONNOR. CLARK & LUNN,47:35,2855
239,5,5,6:20:35,22835,Odlum Brown Limited,47:35,2855
240,5,7,6:26:17,23177,Mastercard,48:18,2898
241,5,8,6:31:09,23469,Vancity Credit Union,48:54,2934
242,5,9,6:33:00,23580,Peoples Group Relentless Pursuit,49:08,2948
243,5,10,6:41:25,24085,TD Wealth Vancouver,50:11,3011
244,5,11,6:41:27,24087,Convyta Partners,50:11,3011
245,5,12,7:05:24,25524,Raymond James Ltd.,53:11,3191
246,5,13,7:09:43,25783,PenderFund,53:43,3223
247,5,14,7:11:14,25874,TD Tower Commercial Banking,53:55,3235
248,5,15,7:11:37,25897,RBC PH&N Investment Counsel Capital Gainers,53:58,3238
249,5,16,7:13:56,26036,OneAviso,54:15,3255
250,5,17,7:16:00,26160,Dixon Mitchell Investment Counsel,54:30,3270
251,5,18,7:18:17,26297,Trez Capital,54:48,3288
252,5,19,7:18:59,26339,National Bank of Canada,54:53,3293
253,5,20,7:35:28,27328,Fort Striders,56:56,3416
254,5,21,7:40:08,27608,LEITH WHEELERS,57:31,3451
255,5,22,7:40:39,27639,First National Cares,57:35,3455
256,5,23,8:01:52,28912,TD FRASER VALLEY COMMERCIAL BANKERS,1:00:14,3614
257,5,24,8:03:15,28995,MUFG Investor Services,1:00:25,3625
258,5,25,8:04:41,29081,Nicola Wealth,1:00:36,3636
259,5,26,8:13:06,29586,Relay Financial,1:01:39,3699
260,5,27,8:30:05,30605,BCIT Finance,1:03:46,3826
261,5,28,8:33:31,30811,Hiive,1:04:12,3852
262,5,29,8:57:08,32228,VBCE Dollar Dashers,1:07:09,4029
263,5,30,8:58:39,32319,Ocean 6 Wealth Advisory,1:07:20,4040
264,5,31,8:59:45,32385,CPABC,1:07:29,4049
265,5,32,9:02:53,32573,RGF Integrated Wealth Management,1:07:52,4072
266,5,33,9:23:52,33832,Agricultural Bank of China Vancouver Representativ,1:10:29,4229
267,5,34,9:25:34,33934,Thunderpants,1:10:42,4242
268,5,35,9:50:20,35420,NBT West,1:13:48,4428
269,5,36,10:11:38,36698,PHL CAPITAL CREW,1:16:28,4588
270,5,37,10:19:05,37145,Alpine Credits,1:17:24,4644
271,5,38,10:46:35,38795,Team Haywood,1:20:50,4850
272,5,39,10:59:12,39552,RER,1:22:24,4944
273,5,40,13:54:14,50054,EconoLease,1:44:17,6257
274,5,41,14:12:44,51164,GVCCU,1:46:36,6396
275,6,1,6:00:13,21613,BFL CANADA,45:02,2702
276,6,2,6:45:16,24316,HUB International,50:40,3040
277,6,3,6:52:16,24736,Intact,51:32,3092
278,6,4,7:04:12,25452,AON,53:02,3182
279,6,5,7:12:44,25964,Marsh,54:06,3246
280,6,6,7:30:52,27052,Square One,56:22,3382
281,6,7,8:19:48,29988,iA Financial Group (Vancouver),1:02:29,3749
282,6,8,8:20:47,30047,NORTHBRIDGE/TOKIO MARINE,1:02:36,3756
283,6,9,8:24:33,30273,PBI Stride Squad,1:03:05,3785
284,6,10,8:58:16,32296,WYLIE COYOTES,1:07:17,4037
285,6,11,9:06:02,32762,Foursquare Financial Inc.,1:08:16,4096
286,6,12,9:46:44,35204,RUN FOR YOUR BENEFITS,1:13:21,4401
287,6,13,10:21:45,37305,WMB 2026,1:17:44,4664
288,6,14,11:37:53,41873,ACERA Insurance,1:27:15,5235
289,6,15,12:28:43,44923,Murrick Group,1:33:36,5616
290,6,16,13:24:14,48254,Ridge Planning Group Inc.,1:40:32,6032
291,7,1,6:18:31,22711,ISRAEL,47:19,2839
292,7,2,6:25:28,23128,Dangerous Hardware,48:11,2891
293,7,3,6:33:30,23610,RUN LIKE THE SPLIZ,49:12,2952
294,7,4,6:47:26,24446,North Burnaby Runners,50:56,3056
295,7,5,7:02:54,25374,Sharingan,52:52,3172
296,7,6,7:03:48,25428,DSN Van,52:59,3179
297,7,7,7:04:17,25457,JUICE,53:03,3183
298,7,8,7:11:36,25896,Velocity Raptors,53:57,3237
299,7,9,7:13:58,26038,Ouisis Fuzzy Weenies,54:15,3255
300,7,10,7:22:51,26571,UBC Biochemistry Grad Cohort 2025,55:22,3322
301,7,11,7:25:17,26717,Schnacks,55:40,3340
302,7,12,7:27:19,26839,#tbdthursdays,55:55,3355
303,7,13,7:30:36,27036,THE WEENIES,56:20,3380
304,7,14,7:30:54,27054,Runner's High ROI,56:22,3382
305,7,15,7:33:40,27220,Schurch & CO.,56:43,3403
306,7,16,7:33:46,27226,Quad Squad,56:44,3404
307,7,17,7:37:34,27454,Dashing Ducks DB <3,57:12,3432
308,7,18,7:40:26,27626,GMAOTC,57:34,3454
309,7,19,7:41:53,27713,NETFLIX,57:45,3465
310,7,20,7:43:27,27807,EAT PASTA RUN FASTA,57:56,3476
311,7,21,7:45:32,27932,Cake My Day,58:12,3492
312,7,22,7:47:07,28027,JUDO,58:24,3504
313,7,23,7:50:21,28221,The Vancouver Nomads,58:48,3528
314,7,24,7:58:52,28732,The Pace Cadets,59:52,3592
315,7,25,8:01:53,28913,FELLOWSHIP MO PUSH ME RUN,1:00:15,3615
316,7,26,8:04:06,29046,Team Tarvinder,1:00:31,3631
317,7,27,8:06:13,29173,BIG BACKS,1:00:47,3647
318,7,28,8:10:20,29420,Chasing Brunch,1:01:18,3678
319,7,29,8:13:20,29600,Underpotential,1:01:40,3700
320,7,30,8:13:27,29607,Running Through My Head,1:01:41,3701
321,7,31,8:15:01,29701,Here for the Beer,1:01:53,3713
322,7,32,8:20:16,30016,FPL,1:02:32,3752
323,7,33,8:21:49,30109,Whistler Wild Peak Runners,1:02:44,3764
324,7,34,8:22:27,30147,Runny McRunnersons,1:02:49,3769
325,7,35,8:23:53,30233,North Delta Runners,1:03:00,3780
326,7,36,8:27:23,30443,Not Fast. Just Furious,1:03:26,3806
327,7,37,8:28:47,30527,Diamond Dogs,1:03:36,3816
328,7,38,8:33:35,30815,CHARDI KALA CREW,1:04:12,3852
329,7,39,8:35:16,30916,SNOWBOARD,1:04:25,3865
330,7,40,8:37:53,31073,Faith Hope Love,1:04:45,3885
331,7,41,8:43:10,31390,The Motion Artifacts,1:05:24,3924
332,7,42,8:44:18,31458,SPEEDY SINGHS,1:05:33,3933
333,7,43,8:49:01,31741,PHOTOCULTURE,1:06:08,3968
334,7,44,8:50:18,31818,There and (10 km) Back Again,1:06:18,3978
335,7,45,8:51:48,31908,Team Parkash,1:06:29,3989
336,7,46,8:53:18,31998,Mirror of Justice,1:06:40,4000
337,7,47,8:57:23,32243,RUN A'LA RUN,1:07:11,4031
338,7,48,8:57:33,32253,WORST PARADE EVER!,1:07:12,4032
339,7,49,8:58:43,32323,Route 66,1:07:21,4041
340,7,50,9:02:02,32522,PCE AND EGGS,1:07:46,4066
341,7,51,9:03:49,32629,Fai Di La,1:07:59,4079
342,7,52,9:05:06,32706,LIONS BAY RAINFOREST RACERS,1:08:09,4089
343,7,53,9:07:50,32870,FOUR-G,1:08:29,4109
344,7,54,9:09:50,32990,The Slow But Furious,1:08:44,4124
345,7,55,9:10:31,33031,10Kaye,1:08:49,4129
346,7,56,9:12:25,33145,Sweat Equity,1:09:04,4144
347,7,57,9:13:19,33199,Doray Power,1:09:10,4150
348,7,58,9:25:12,33912,Hiking Vikings,1:10:39,4239
349,7,59,9:32:06,34326,WinnCouver,1:11:31,4291
350,7,60,9:37:44,34664,The Unlikely,1:12:13,4333
351,7,61,9:42:06,34926,G.O.A.T,1:12:46,4366
352,7,62,9:49:03,35343,Run Now. Coffee Later,1:13:38,4418
353,7,63,9:49:21,35361,2 SLOW 2 SERIOUS,1:13:41,4421
354,7,64,9:53:36,35616,Luna's Family,1:14:12,4452
355,7,65,10:02:59,36179,kvit.ca,1:15:23,4523
356,7,66,10:07:34,36454,New Jeans. Old Knees,1:15:57,4557
357,7,67,10:10:27,36627,The Slow & The Serious,1:16:19,4579
358,7,68,10:12:24,36744,Run Mama Run,1:16:33,4593
359,7,69,10:17:58,37078,Family Circus 2026,1:17:15,4635
360,7,70,10:26:45,37605,Jatts on Track,1:18:21,4701
361,7,71,10:30:24,37824,Sam's Crew,1:18:48,4728
362,7,72,10:31:47,37907,Fenson's Fast Friends,1:18:59,4739
363,7,73,10:40:22,38422,Sole Sisters and Misters,1:20:03,4803
364,7,74,10:48:45,38925,Bob's Mob,1:21:06,4866
365,7,75,10:51:45,39105,Go-Diego-Go!,1:21:29,4889
366,7,76,10:57:02,39422,ZUMBA ROCKSTARS,1:22:08,4928
367,7,77,11:00:23,39623,Minto,1:22:33,4953
368,7,78,11:09:56,40196,#teaminc1914,1:23:45,5025
369,7,79,11:12:56,40376,Eyes on the Thighs,1:24:07,5047
370,7,80,11:27:23,41243,Powerful Man Squad,1:25:56,5156
371,7,81,11:59:44,43184,Are We Done Yet?!,1:29:58,5398
372,7,82,12:18:28,44308,CHEESE FOAM,1:32:19,5539
373,7,83,12:30:53,45053,Ohana,1:33:52,5632
374,7,84,12:58:55,46735,Run Now Brunch Later,1:37:22,5842
375,7,85,13:01:49,46909,BURJ DUNNA,1:37:44,5864
376,7,86,13:12:24,47544,Connie's RUNNING LATE,1:39:03,5943
377,7,87,13:50:38,49838,E & R,1:43:50,6230
378,7,88,14:16:35,51395,Brians Gazzilles,1:47:05,6425
379,7,89,14:59:07,53947,Truck n Sugar,1:52:24,6744
380,7,90,15:21:28,55288,Beerly Moving,1:55:11,6911
381,7,91,15:40:32,56432,WnD Unstoppable,1:57:34,7054
382,7,92,15:42:16,56536,On our Clark's. Get Set. Go!,1:57:47,7067
383,7,93,16:10:22,58222,Walkamolies,2:01:18,7278
384,7,94,16:24:40,59080,TEAM CACHETES,2:03:05,7385
385,7,95,18:49:10,67750,Team Farrell,2:21:09,8469
386,7,96,23:11:31,83491,Sahil & Associates,2:53:57,10437
387,8,1,6:39:56,23996,Icy Bar,50:00,3000
388,8,2,6:43:10,24190,Running for Riesling,50:24,3024
389,8,3,6:51:58,24718,Terminal City Club,51:30,3090
390,8,4,7:05:49,25549,Angel Seafoods,53:14,3194
391,8,5,7:08:31,25711,Pepsico Beverages Delta,53:34,3214
392,8,6,7:09:42,25782,Joe Fortes,53:43,3223
393,8,7,7:15:43,26143,Earls Kitchen + Bar,54:28,3268
394,8,8,7:47:56,28076,FIFO INNOVATIONS,58:30,3510
395,8,9,7:48:25,28105,Granville Island Brewing,58:34,3514
396,8,10,7:56:02,28562,Wentworth Hospitality,59:31,3571
397,8,11,7:57:24,28644,JD Sweid Foods,59:41,3581
398,8,12,8:12:55,29575,BREKA,1:01:37,3697
399,8,13,8:18:28,29908,Tap & Barrel Group,1:02:19,3739
400,8,14,8:19:02,29942,Sanctuary Cafe,1:02:23,3743
401,8,15,8:27:30,30450,The Lunch Lady,1:03:27,3807
402,8,16,8:38:03,31083,BOSTON PIZZA INTERNATIONAL,1:04:46,3886
403,8,17,8:44:46,31486,Prado Coffee,1:05:36,3936
404,8,18,8:45:32,31532,VIVREAU HYDRATION HEROS,1:05:42,3942
405,8,19,9:05:46,32746,The Hydrators,1:08:14,4094
406,8,20,9:38:42,34722,Olivieri,1:12:21,4341
407,8,21,9:48:56,35336,YOLKS,1:13:37,4417
408,8,22,9:57:42,35862,Donut Stop Believin',1:14:43,4483
409,8,23,16:04:34,57874,Hummingbird and Bean Cafe,2:00:35,7235
410,9,1,6:09:04,22144,Delta Firefighters,46:08,2768
411,9,2,6:17:41,22661,Fit City,47:13,2833
412,9,3,6:30:22,23422,City of New Westminster Staff,48:48,2928
413,9,4,6:43:22,24202,City of Port Coquitlam,50:26,3026
414,9,5,6:43:42,24222,9-Run-Run,50:28,3028
415,9,6,6:44:18,24258,City of Burnaby - Healthy City,50:33,3033
416,9,7,6:55:33,24933,Township of Langley,51:57,3117
417,9,8,7:08:05,25685,Run with a Recruiter,53:31,3211
418,9,9,7:14:26,26066,Burnaby Public Library,54:19,3259
419,9,10,7:38:08,27488,City of Maple Ridge,57:16,3436
420,9,11,7:58:38,28718,BLUES - 10K Open,59:50,3590
421,9,12,8:17:53,29873,Team Delta,1:02:15,3735
422,9,13,10:58:23,39503,Westbank First Nation,1:22:18,4938
423,9,14,11:51:31,42691,TFN Wave Runners,1:28:57,5337
424,9,15,12:21:49,44509,The Lonsdale Lane,1:32:44,5564
425,10,1,5:55:14,21314,ICBC,44:25,2665
426,10,2,6:04:23,21863,WORKSAFEBC/CEU,45:33,2733
427,10,3,6:16:06,22566,BC Hydro,47:01,2821
428,10,4,6:19:34,22774,ISC/CIRNAC,47:27,2847
429,10,5,6:35:41,23741,BC Liquor Distribution Branch,49:28,2968
430,10,6,6:36:28,23788,Team BCFSA,49:34,2974
431,10,7,6:42:29,24149,Powerex,50:19,3019
432,10,8,6:44:32,24272,Environment Canada,50:34,3034
433,10,9,6:47:18,24438,PavCo ShowRunners,50:55,3055
434,10,10,6:54:50,24890,401 Run Club,51:52,3112
435,10,11,7:05:55,25555,HMCS Discovery,53:15,3195
436,10,12,7:16:26,26186,Borderline Runners,54:34,3274
437,10,13,7:17:02,26222,BCCOS,54:38,3278
438,10,14,7:25:56,26756,NAV CANADA - VANCOUVER FIR,55:45,3345
439,10,15,7:27:46,26866,TERMINAL VELOCITY,55:59,3359
440,10,16,7:46:28,27988,The Transporters,58:19,3499
441,10,17,7:56:21,28581,TSBC Trotters,59:33,3573
442,10,18,8:02:37,28957,12 FLD AMB,1:00:20,3620
443,10,19,8:23:31,30211,BC Securities Commission,1:02:57,3777
444,10,20,9:07:32,32852,Public Guardian and Trustee,1:08:27,4107
445,10,21,9:35:45,34545,LET'S ACCELERATE BECAUSE IT'S COOL II: RUN IT BACK,1:11:59,4319
446,10,22,9:44:27,35067,AIBC,1:13:04,4384
447,10,23,9:49:20,35360,PRIMECorp,1:13:40,4420
448,10,24,9:59:12,35952,SCC Sun Runners,1:14:54,4494
449,10,25,10:04:34,36274,RUN THIS TOWN,1:15:35,4535
450,10,26,10:54:16,39256,IIO,1:21:47,4907
451,11,1,6:18:19,22699,UBC Dentistry,47:18,2838
452,11,2,6:46:53,24413,PDG,50:52,3052
453,11,3,7:20:11,26411,Mid-Main Community Health Centre,55:02,3302
454,11,4,7:23:38,26618,Protec Dental,55:28,3328
455,11,5,7:45:13,27913,Henry Schein One,58:10,3490
456,11,6,7:58:41,28721,Dr Lori Durward,59:51,3591
457,11,7,8:45:44,31544,Patterson Dental,1:05:43,3943
458,11,8,9:11:28,33088,Fraser Street Dental,1:08:56,4136
459,11,9,10:02:31,36151,Kensington Square Dental,1:15:19,4519
460,11,10,10:05:36,36336,K-Soul,1:15:42,4542
461,11,11,10:11:28,36688,Latimer Dental,1:16:26,4586
462,11,12,10:17:24,37044,Kerrisdale House of Dentistry,1:17:11,4631
463,11,13,10:19:00,37140,We Love Flossing,1:17:23,4643
464,11,14,10:19:53,37193,AFD,1:17:30,4650
465,11,15,10:31:43,37903,Conscious Dentistry & Little Earthlings Childcare,1:18:58,4738
466,11,16,11:15:20,40520,Royal Square Dental,1:24:25,5065
467,11,17,11:43:36,42216,Radiant Dental,1:27:57,5277
468,11,18,12:25:07,44707,First Avenue Dental Group,1:33:09,5589
469,11,19,13:08:53,47333,Aarm Dental Group,1:38:37,5917
470,11,20,13:17:26,47846,Cavity Crushers,1:39:41,5981
471,11,21,13:44:41,49481,BAYVIEW LONSDALE DENTIST/CAULFEILD DENTAL/SOUTH RO,1:43:06,6186
472,11,22,13:53:11,49991,Columbia Square Dental,1:44:09,6249
473,12,1,6:01:43,21703,VCH Richmond Employee Wellness Sun Run Team,45:13,2713
474,12,2,6:18:54,22734,Treloar Physiotherapy,47:22,2842
475,12,3,6:28:23,23303,Racing Thoughts,48:33,2913
476,12,4,6:28:26,23306,Physiolab,48:34,2914
477,12,5,6:44:31,24271,shift,50:34,3034
478,12,6,6:53:55,24835,Westin Bayshore,51:45,3105
479,12,7,7:03:01,25381,The Indispensables,52:53,3173
480,12,8,7:08:06,25686,PEACE ARCH EMERGENCY,53:31,3211
481,12,9,7:09:21,25761,Cath-letes,53:41,3221
482,12,10,7:16:41,26201,Ear. Nose and Throathletes,54:36,3276
483,12,11,7:17:26,26246,LMBME,54:41,3281
484,12,12,7:18:14,26294,Team Aeris,54:47,3287
485,12,13,7:20:12,26412,SPH SURGERY,55:02,3302
486,12,14,7:20:50,26450,FAIRMONT WATERFRONT HOTEL,55:07,3307
487,12,15,7:21:25,26485,Hyatt Regency Vancouver,55:11,3311
488,12,16,7:23:43,26623,BC Children's,55:28,3328
489,12,17,7:25:53,26753,The Rad Runners,55:45,3345
490,12,18,7:30:04,27004,Thunderclap and Flash,56:16,3376
491,12,19,7:34:21,27261,Harrison Healthcare,56:48,3408
492,12,20,7:42:30,27750,BRIER FLYERS,57:49,3469
493,12,21,7:44:37,27877,Sutton Place,58:05,3485
494,12,22,7:46:08,27968,Fairmont Hotel Vancouver,58:16,3496
495,12,23,7:46:42,28002,WELL HEALTH,58:21,3501
496,12,24,7:52:41,28361,BTHA,59:06,3546
497,12,25,7:52:55,28375,VGH Medical Imaging Run Club,59:07,3547
498,12,26,7:54:24,28464,UBC PEDIATRICS,59:18,3558
499,12,27,7:54:36,28476,LIL WHEEZY,59:20,3560
500,12,28,7:54:53,28493,Wedgewood Hotel & Spa,59:22,3562
501,12,29,7:55:21,28521,The Bone Jovi's,59:26,3566
502,12,30,8:04:45,29085,The SMH Pacemakers,1:00:36,3636
503,12,31,8:07:04,29224,Pac Rim Pacers,1:00:53,3653
504,12,32,8:10:36,29436,Speed Therapy,1:01:20,3680
505,12,33,8:11:08,29468,KindSpine Wellness,1:01:24,3684
506,12,34,8:17:50,29870,SMH OR,1:02:14,3734
507,12,35,8:19:12,29952,Rapid Response Runners,1:02:24,3744
508,12,36,8:27:10,30430,Providence Food Services,1:03:24,3804
509,12,37,8:27:57,30477,VGH O.R. Team,1:03:30,3810
510,12,38,8:28:49,30529,Hemoglobin Hustlers,1:03:37,3817
511,12,39,8:32:34,30754,Run. Forest Plot. Run,1:04:05,3845
512,12,40,8:33:42,30822,Dr. Peter Centre,1:04:13,3853
513,12,41,8:36:55,31015,SMH MILE MUNCHERS,1:04:37,3877
514,12,42,8:40:31,31231,Running Tachy,1:05:04,3904
515,12,43,8:41:11,31271,UBC Hospital,1:05:09,3909
516,12,44,8:44:30,31470,Hilton Vancouver Downtown,1:05:34,3934
517,12,45,8:44:57,31497,NORTHLAND RUNNING CONNECTION,1:05:38,3938
518,12,46,8:47:38,31658,Hyatt Alberni,1:05:58,3958
519,12,47,8:49:27,31767,Willow,1:06:11,3971
520,12,48,8:50:22,31822,Village Physio,1:06:18,3978
521,12,49,8:51:17,31877,Paradox Vancouver,1:06:25,3985
522,12,50,8:57:24,32244,Pediatric Transplant Research,1:07:11,4031
523,12,51,8:58:30,32310,Fully Delighted,1:07:19,4039
524,12,52,9:03:34,32614,BUH Baby Catchers,1:07:57,4077
525,12,53,9:05:50,32750,Rosewood Hotel Georgia,1:08:14,4094
526,12,54,9:06:12,32772,Mango Medical,1:08:17,4097
527,12,55,9:07:27,32847,2026 TravelVAX,1:08:26,4106
528,12,56,9:08:04,32884,RCH Wellness,1:08:31,4111
529,12,57,9:23:41,33821,THE GLUCOSE GLADIATORS (BC CHILDREN'S HOSPITAL RES,1:10:28,4228
530,12,58,9:38:46,34726,MD4ME,1:12:21,4341
531,12,59,9:46:13,35173,Cirque du Sore Legs,1:13:17,4397
532,12,60,9:57:47,35867,The Cranial Crew,1:14:44,4484
533,12,61,10:00:21,36021,Auberge Vancouver Hotel,1:15:03,4503
534,12,62,10:05:40,36340,NobleGoGo,1:15:43,4543
535,12,63,10:16:00,36960,Terra Nova,1:17:00,4620
536,12,64,10:17:01,37021,Lifemark BC,1:17:08,4628
537,12,65,10:27:57,37677,Delta Hospital Emergency Department,1:18:30,4710
538,12,66,10:29:56,37796,BC Women's Hospital,1:18:45,4725
539,12,66,10:29:56,37796,Renal Runners,1:18:45,4725
540,12,68,10:36:17,38177,Fairmont Vancouver Airport,1:19:33,4773
541,12,69,10:51:25,39085,Longevity: 100 years to Thrive,1:21:26,4886
542,12,70,11:15:27,40527,Lions Gate Colon Cruisers,1:24:26,5066
543,12,71,11:40:12,42012,Baby Steps,1:27:32,5252
544,12,72,12:23:59,44639,The Pacers: Mind over Mileage,1:33:00,5580
545,12,73,12:47:45,46065,New Westminster Family Practice,1:35:59,5759
546,12,74,12:48:49,46129,Scrubs to Strides,1:36:07,5767
547,12,75,13:48:01,49681,Tumornators,1:43:31,6211
548,13,1,5:18:33,19113,AbCellera,39:50,2390
549,13,2,5:28:29,19709,The Kintec Krew,41:04,2464
550,13,3,5:54:13,21253,STEMCELL Technologies,44:17,2657
551,13,4,6:39:55,23995,Launch Rehab,50:00,3000
552,13,5,6:41:20,24080,F45BHG,50:10,3010
553,13,6,6:43:58,24238,Club16 Trevor Linden Fitness,50:30,3030
554,13,7,6:44:13,24253,SPY'S ON THE RUN,50:32,3032
555,13,8,6:49:13,24553,UBC ANESTHESIOLOGY,51:10,3070
556,13,9,6:50:06,24606,Aspect Biosystems,51:16,3076
557,13,10,6:55:03,24903,Factors Group,51:53,3113
558,13,11,6:59:00,25140,BONE BUILDER PACK,52:23,3143
559,13,12,7:01:02,25262,FNHA Wellness Warriors,52:38,3158
560,13,13,7:01:10,25270,RUNDMC-BRAINHEALTH,52:39,3159
561,13,14,7:05:19,25519,Prenuvo,53:10,3190
562,13,15,7:07:16,25636,FIT4LIFE,53:25,3205
563,13,16,7:08:27,25707,F45 Ambleside Beach & F45 Sunrise,53:34,3214
564,13,17,7:11:46,25906,BC Centre for Excellence,53:59,3239
565,13,18,7:15:20,26120,SFU Recreation,54:25,3265
566,13,19,7:15:35,26135,NANOVATION,54:27,3267
567,13,20,7:15:55,26155,Herbaland,54:30,3270
568,13,21,7:15:57,26157,PSAC 20020,54:30,3270
569,13,22,7:18:33,26313,Orangetheory Fitness - River District,54:50,3290
570,13,23,7:18:37,26317,Alpha-9,54:50,3290
571,13,24,7:21:16,26476,Anytime Fitness BC,55:10,3310
572,13,25,7:24:27,26667,Research in Motion,55:34,3334
573,13,26,7:26:21,26781,PHSA QUADS OF FURY,55:48,3348
574,13,27,7:27:20,26840,Rocky Point Fitness,55:55,3355
575,13,28,7:29:28,26968,Evonik Canada Inc.,56:11,3371
576,13,29,7:30:00,27000,College in Motion,56:15,3375
577,13,30,7:31:34,27094,Corcym Canada,56:27,3387
578,13,31,7:32:50,27170,Richmond Division of Family Practice,56:37,3397
579,13,32,7:33:20,27200,Cytiva Burnaby,56:40,3400
580,13,33,7:33:37,27217,F45 False Creek,56:43,3403
581,13,34,7:34:16,27256,Hub Fun Club 2026 (BCCNM/CCHPBC/CHCPBC),56:47,3407
582,13,35,7:49:01,28141,SUNGOD PHYSIO,58:38,3518
583,13,36,7:51:50,28310,UBC Nursing,58:59,3539
584,13,37,7:57:52,28672,The Mom Movement,59:44,3584
585,13,38,8:03:47,29027,Revamp Wellness,1:00:29,3629
586,13,39,8:23:13,30193,Trinity Physiotherapy. Sport & Wellness,1:02:55,3775
587,13,40,8:24:26,30266,F45SC,1:03:04,3784
588,13,41,8:33:04,30784,LifeLabs,1:04:08,3848
589,13,42,8:39:29,31169,SignalChem,1:04:57,3897
590,13,43,8:40:56,31256,Burnaby MXNS,1:05:07,3907
591,13,44,8:59:22,32362,Fair haven Homes Society,1:07:26,4046
592,13,45,9:01:30,32490,BELVEDERE CARE CENTRE,1:07:42,4062
593,13,46,9:03:14,32594,Marching for Mary,1:07:55,4075
594,13,47,9:08:09,32889,bioLytical,1:08:32,4112
595,13,48,9:09:52,32992,VEGA STRENGTH & CONDITIONING,1:08:44,4124
596,13,49,9:40:01,34801,The Pilluminati,1:12:31,4351
597,13,50,9:53:10,35590,Cloud Pharmacy,1:14:09,4449
598,13,51,9:54:55,35695,VDoFP,1:14:22,4462
599,13,52,9:57:36,35856,Team GMT/GPP/CHMT,1:14:42,4482
600,13,53,10:01:04,36064,Pharmasave Rx Runners,1:15:08,4508
601,13,54,10:09:13,36553,S.W.A.T.T.,1:16:10,4570
602,13,55,10:38:22,38302,Mt. Pleasant Optometry,1:19:48,4788
603,13,56,10:49:02,38942,Mt. Pleasant Counselling,1:21:08,4868
604,13,57,10:53:24,39204,N'Quatqua Matq,1:21:41,4901
605,13,58,10:56:51,39411,Kaigo Senior Living,1:22:07,4927
606,13,59,11:02:36,39756,NO team,1:22:50,4970
607,13,60,11:37:43,41863,7AB,1:27:13,5233
608,13,61,11:44:35,42275,WINSOME PILATES,1:28:05,5285
609,13,62,11:46:57,42417,Indigo Pharmacy,1:28:23,5303
610,13,63,12:00:57,43257,EYE STATION,1:30:08,5408
611,13,64,12:39:22,45562,MACL Runners,1:34:56,5696
612,13,65,13:06:20,47180,PIB Sun Run 2026,1:38:18,5898
613,13,66,13:10:40,47440,WW in the wild,1:38:50,5930
614,13,67,13:49:51,49791,Kare Hands Home care & Respite,1:43:44,6224
615,13,68,14:23:58,51838,Vitamin D(ead),1:48:00,6480
616,13,69,14:32:05,52325,Xeni Gwet'in Walking Group,1:49:01,6541
617,13,70,17:12:44,61964,Xa'xtsa Spirit of Freedom,2:09:06,7746
618,14,1,5:08:59,18539,Amazon Vancouver,38:38,2318
619,14,2,5:21:35,19295,FORTINET,40:12,2412
620,14,3,5:41:11,20471,TRIUMF,42:39,2559
621,14,4,5:46:56,20816,Clio,43:22,2602
622,14,5,5:50:20,21020,ARISTA NETWORKS,43:48,2628
623,14,6,5:56:47,21407,Valiant Visierites,44:36,2676
624,14,7,5:58:59,21539,Honeywell Vancouver,44:53,2693
625,14,8,6:04:05,21845,Global Relay Communications Inc.,45:31,2731
626,14,9,6:09:48,22188,SAP,46:14,2774
627,14,10,6:14:57,22497,Electronic Arts,46:53,2813
628,14,11,6:15:16,22516,Spare,46:55,2815
629,14,12,6:24:10,23050,AUTODESK,48:02,2882
630,14,13,6:25:30,23130,Meta Runners,48:12,2892
631,14,14,6:26:04,23164,Orica Orcas,48:16,2896
632,14,15,6:30:19,23419,Sanctuary Run Club,48:48,2928
633,14,16,6:30:27,23427,Control Freaks,48:49,2929
634,14,17,6:33:19,23599,AMD,49:10,2950
635,14,18,6:34:47,23687,Microsoft Vancouver,49:21,2961
636,14,19,6:34:50,23690,MIRU,49:22,2962
637,14,20,6:35:10,23710,Jeffinitely Fast,49:24,2964
638,14,21,6:35:52,23752,PressReader,49:29,2969
639,14,22,6:35:54,23754,Alloy.ai Land Sharks,49:30,2970
640,14,23,6:36:57,23817,MacroHealth,49:38,2978
641,14,24,6:39:08,23948,Baseline Payments,49:54,2994
642,14,25,6:40:20,24020,EarthDaily Analytics,50:03,3003
643,14,26,6:40:27,24027,Salesforce Vancouver,50:04,3004
644,14,27,6:42:38,24158,Aquanow Run Club,50:20,3020
645,14,28,6:43:44,24224,ScalePad Rocketeers,50:28,3028
646,14,29,6:46:23,24383,Asana,50:48,3048
647,14,30,6:49:24,24564,MKS,51:11,3071
648,14,31,6:50:27,24627,Teledyne IIS,51:19,3079
649,14,32,6:54:36,24876,Jobber,51:50,3110
650,14,33,6:55:15,24915,Dialpad,51:55,3115
651,14,34,6:56:27,24987,That Fruit Company,52:04,3124
652,14,35,6:56:43,25003,PUSH IT TO THE LIMIT,52:06,3126
653,14,36,6:58:13,25093,Samsung R&D Canada,52:17,3137
654,14,37,7:00:34,25234,Quandronauts,52:35,3155
655,14,38,7:02:03,25323,Cayenta Crew,52:46,3166
656,14,39,7:03:29,25409,PHOTONIC,52:57,3177
657,14,40,7:03:46,25426,Cytiva Genomic Joggers,52:59,3179
658,14,41,7:04:21,25461,Diligent,53:03,3183
659,14,42,7:05:48,25548,DarkVision,53:14,3194
660,14,43,7:07:23,25643,Team Solidigm,53:26,3206
661,14,44,7:08:08,25688,Vancouver Vanadians,53:31,3211
662,14,45,7:12:20,25940,EGG HEADS,54:03,3243
663,14,46,7:13:50,26030,Qwadra,54:14,3254
664,14,47,7:14:08,26048,Netskrt Speedy Crawlers,54:16,3256
665,14,48,7:14:18,26058,MDA Space,54:18,3258
666,14,49,7:14:24,26064,Avari - Antevia,54:18,3258
667,14,50,7:17:49,26269,Jukebox Print,54:44,3284
668,14,51,7:20:24,26424,D2L VSR Team,55:03,3303
669,14,52,7:22:02,26522,Planview,55:16,3316
670,14,53,7:23:59,26639,Agilitek Solutions Ltd.,55:30,3330
671,14,54,7:28:22,26902,Boeing Vancouver,56:03,3363
672,14,55,7:31:39,27099,Planar Motor Runners,56:28,3388
673,14,56,7:34:49,27289,Innovative Targeting Solutions Inc.,56:52,3412
674,14,57,7:34:51,27291,HSBC Global Services Canada,56:52,3412
675,14,58,7:39:08,27548,Rivi-Run Volks-walk-en Group,57:24,3444
676,14,59,7:40:21,27621,D3 Security,57:33,3453
677,14,60,7:42:12,27732,KALERIS,57:47,3467
678,14,61,7:45:25,27925,GLIA,58:11,3491
679,14,62,7:51:41,28301,Complete Speed,58:58,3538
680,14,63,7:52:31,28351,Cyberium,59:04,3544
681,14,64,7:52:42,28362,Harmonic,59:06,3546
682,14,65,7:53:19,28399,Velocity,59:10,3550
683,14,66,7:59:46,28786,Wenco,59:59,3599
684,14,67,8:03:57,29037,MongoDB WiredTigers,1:00:30,3630
685,14,68,8:04:28,29068,MOTION METRICS (WEIR MOTION METRICS),1:00:34,3634
686,14,69,8:05:05,29105,Zepp Health,1:00:39,3639
687,14,70,8:05:58,29158,Sony Pictures Imageworks,1:00:45,3645
688,14,71,8:10:14,29414,CURRENT SCIENTIFIC,1:01:17,3677
689,14,72,8:13:32,29612,Lord of the Runs,1:01:42,3702
690,14,73,8:16:33,29793,PARALLEL DOMAIN,1:02:05,3725
691,14,74,8:19:47,29987,Policy Reporter,1:02:29,3749
692,14,75,8:22:45,30165,Celestial Systems,1:02:51,3771
693,14,76,8:23:59,30239,RedMane Canada,1:03:00,3780
694,14,77,8:25:55,30355,CGI SunRunners,1:03:15,3795
695,14,78,8:29:32,30572,Transoft Solutions,1:03:42,3822
696,14,79,8:30:53,30653,Rx Networks,1:03:52,3832
697,14,80,8:34:54,30894,Xplor 404: Pace Not Found,1:04:22,3862
698,14,81,8:39:23,31163,OPTIMIL MACHINERY,1:04:56,3896
699,14,82,8:45:57,31557,MetaOptima Technology Inc.,1:05:45,3945
700,14,83,8:47:07,31627,NUMERIX,1:05:54,3954
701,14,84,8:56:50,32210,Synthetic Aperture Runners,1:07:07,4027
702,14,85,8:58:16,32296,NETINT,1:07:17,4037
703,14,86,8:59:35,32375,Cascadia Scientific,1:07:27,4047
704,14,87,9:04:45,32685,PokerLab,1:08:06,4086
705,14,88,9:12:36,33156,EmerCom Technology,1:09:05,4145
706,14,89,9:13:58,33238,DMSI,1:09:15,4155
707,14,90,9:14:11,33251,Moment Energy,1:09:17,4157
708,14,91,9:30:08,34208,Avocette Avengers,1:11:16,4276
709,14,92,9:37:12,34632,Elastic,1:12:09,4329
710,14,93,9:53:22,35602,Team WISI,1:14:11,4451
711,14,94,10:10:48,36648,Operto Runners,1:16:21,4581
712,14,95,10:37:07,38227,The Hansen Steel Benders,1:19:39,4779
713,14,96,11:31:38,41498,Tyler Technologies,1:26:28,5188
714,16,1,6:36:24,23784,Banda Volpi Hospitality,49:33,2973
715,16,2,6:59:57,25197,Armstrong Collective,52:30,3150
716,16,3,7:20:58,26458,Dovetail,55:08,3308
717,16,4,7:26:12,26772,Team Cap,55:47,3347
718,16,5,8:52:55,31975,Flyover Vancouver,1:06:37,3997
719,16,6,9:01:04,32464,FIND + SEEK,1:07:38,4058
720,16,7,9:04:37,32677,PARQ CASINO,1:08:05,4085
721,16,8,9:27:57,34077,Team MET,1:11:00,4260
722,16,9,10:32:56,37976,TEAM LEVY,1:19:07,4747
723,17,1,5:47:22,20842,Osler. Hoskin & Harcourt LLP,43:26,2606
724,17,2,6:08:44,22124,TEAM BLAKES,46:06,2766
725,17,3,6:14:14,22454,Dentons,46:47,2807
726,17,4,6:14:44,22484,Lawson Lundell LLP,46:51,2811
727,17,5,6:17:56,22676,Harper Greyhounds,47:15,2835
728,17,6,6:26:32,23192,Fasken,48:19,2899
729,17,7,6:37:01,23821,McMillan LLP,49:38,2978
730,17,8,6:37:28,23848,Guild Yule LLP,49:41,2981
731,17,9,6:47:06,24426,FARRIS,50:54,3054
732,17,10,6:49:56,24596,Stikeman Elliott LLP,51:15,3075
733,17,11,6:51:01,24661,Gowling WLG,51:23,3083
734,17,12,6:58:38,25118,DLA Piper,52:20,3140
735,17,13,7:13:43,26023,AHBL,54:13,3253
736,17,14,7:27:20,26840,Hamilton Fabbro,55:55,3355
737,17,15,7:28:12,26892,Clark Wilson LLP,56:02,3362
738,17,16,7:32:58,27178,BarRATisters on the Run,56:38,3398
739,17,17,7:34:24,27264,BTM Lawyers,56:48,3408
740,17,18,7:38:53,27533,Miller Thomson LLP,57:22,3442
741,17,19,7:39:54,27594,Owen Bird,57:30,3450
742,17,20,7:43:13,27793,YLAW,57:55,3475
743,17,21,7:43:54,27834,McCarthy Tetrault,58:00,3480
744,17,22,7:46:20,27980,Norton Rose Fulbright,58:18,3498
745,17,23,7:47:29,28049,Watson Goepel Winners!,58:27,3507
746,17,24,7:47:33,28053,BLG,58:27,3507
747,17,25,7:47:49,28069,DJO Family Law,58:29,3509
748,17,26,7:57:18,28638,EKB,59:40,3580
749,17,27,7:58:33,28713,Team PLLR,59:50,3590
750,17,28,8:11:45,29505,MLT Aikins LLP,1:01:29,3689
751,17,29,8:12:13,29533,DWF Canada,1:01:32,3692
752,17,30,8:46:09,31569,Taylor Nakai Litigation,1:05:47,3947
753,17,31,8:51:50,31910,Morton Law,1:06:29,3989
754,17,32,8:53:58,32038,Henderson & Lee Law Corporation,1:06:45,4005
755,17,33,9:21:44,33704,Singleton Striders,1:10:13,4213
756,17,34,9:35:30,34530,Dolden,1:11:57,4317
757,17,35,9:43:21,35001,RICHARDS BUELL SUTTON LLP 2026,1:12:56,4376
758,17,36,9:44:10,35050,Allen / McMillan Litigation Counsel,1:13:02,4382
759,17,37,9:53:26,35606,Oyen Wiggs,1:14:11,4451
760,17,38,10:03:44,36224,Harris Ampersands,1:15:28,4528
761,17,39,10:31:00,37860,Eyford Wildcats,1:18:53,4733
762,17,40,10:36:15,38175,TEAM FULTON 2026,1:19:32,4772
763,17,41,10:43:40,38620,Allrise Immigration,1:20:28,4828
764,17,42,10:47:45,38865,Koffman Kalef Business Lawyers,1:20:59,4859
765,17,43,10:53:21,39201,Spraggs,1:21:41,4901
766,17,44,11:04:24,39864,KSW Lawyers,1:23:03,4983
767,17,45,11:07:16,40036,COTE & EVANS TRIAL LAWYERS,1:23:25,5005
768,17,46,11:32:01,41521,Taylor Janis LLP,1:26:31,5191
769,17,47,11:41:15,42075,GLGZ LLP,1:27:40,5260
770,17,48,12:20:54,44454,Surrey Defence,1:32:37,5557
771,17,49,12:59:25,46765,NORTHPOINT LEGAL LLP,1:37:26,5846
772,17,50,16:25:14,59114,Legal Runners,2:03:10,7390
773,18,1,6:31:02,23462,BC CANCER,48:53,2933
774,18,2,6:39:26,23966,BC MONGOLIAN,49:56,2996
775,18,3,6:49:41,24581,PGMC,51:13,3073
776,18,4,6:52:55,24775,RREX,51:37,3097
777,18,5,6:56:55,25015,Vocations Vancouver,52:07,3127
778,18,6,6:57:54,25074,OpenRoad Foundation,52:15,3135
779,18,7,7:05:49,25549,Nights in Tights,53:14,3194
780,18,8,7:07:22,25642,MetamorepHIIT,53:26,3206
781,18,9,7:08:28,25708,CFA Society Vancouver,53:34,3214
782,18,10,7:13:13,25993,Team DDA,54:10,3250
783,18,11,7:16:53,26213,Big Brothers Sun Runners,54:37,3277
784,18,12,7:24:16,26656,St. Agnes Kim Catholic Parish,55:32,3332
785,18,13,7:27:33,26853,Deaf Youth Today (Family Network for Deaf Children,55:57,3357
786,18,14,7:30:47,27047,MOSAIC,56:21,3381
787,18,15,7:33:37,27217,S.U.C.C.E.S.S.,56:43,3403
788,18,16,7:33:53,27233,New West Recovery,56:45,3405
789,18,17,7:35:37,27337,Greater Vancouver Food Bank,56:58,3418
790,18,18,7:41:29,27689,Coast Mental Health,57:42,3462
791,18,19,7:53:10,28390,VanFil SDA Team,59:09,3549
792,18,20,8:00:18,28818,VACFSS,1:00:03,3603
793,18,21,8:03:54,29034,BRIDGE,1:00:30,3630
794,18,22,8:08:11,29291,Waterbaby,1:01:02,3662
795,18,23,8:15:04,29704,Best Buddies UBC runners,1:01:53,3713
796,18,24,8:16:39,29799,Team VATA - 10K Open,1:02:05,3725
797,18,25,8:23:45,30225,Stanley Park Ecology Sun Run Team,1:02:59,3779
798,18,26,8:24:08,30248,Xidian Alumni 2026,1:03:01,3781
799,18,27,8:27:09,30429,City Dream Centre Team,1:03:24,3804
800,18,28,8:36:46,31006,CCPC,1:04:36,3876
801,18,29,8:40:57,31257,BCIHS,1:05:08,3908
802,18,30,8:41:20,31280,Mom2Mom,1:05:10,3910
803,18,31,8:41:40,31300,Nepali Canadian Women's Society of BC,1:05:13,3913
804,18,32,8:41:41,31301,Cameray Child and Family Services,1:05:13,3913
805,18,33,8:42:06,31326,The Running on Faith Project +Wagner Hills,1:05:16,3916
806,18,34,8:57:59,32279,The Kettle Society,1:07:15,4035
807,18,35,8:58:44,32324,CANAREA,1:07:21,4041
808,18,36,9:05:07,32707,CLS SUN RUNNERS,1:08:09,4089
809,18,37,9:05:46,32746,InspireHealth Supportive Cancer Care,1:08:14,4094
810,18,38,9:06:28,32788,RONIN SHARMA FOUNDATION,1:08:19,4099
811,18,39,9:09:36,32976,Hungry Caterpillar,1:08:42,4122
812,18,40,9:11:56,33116,UNYAN's,1:09:00,4140
813,18,41,9:17:41,33461,David Suzuki 90!,1:09:43,4183
814,18,42,9:18:46,33526,Brightside,1:09:51,4191
815,18,43,9:23:23,33803,Menno Place Movers,1:10:26,4226
816,18,44,9:24:11,33851,ISPARC Indigenous RunWalkWheel,1:10:32,4232
817,18,45,9:25:36,33936,YP Vancouver,1:10:42,4242
818,18,46,9:29:33,34173,Tri'ing to End ALS,1:11:12,4272
819,18,47,9:31:10,34270,RCFHA,1:11:24,4284
820,18,48,9:40:01,34801,Running from the Law,1:12:31,4351
821,18,49,9:40:42,34842,One La Salle Vancouver,1:12:36,4356
822,18,50,9:45:12,35112,Saviour of the Nations,1:13:09,4389
823,18,51,9:46:07,35167,HispanoMine,1:13:16,4396
824,18,52,9:49:54,35394,FAFAMEM FOUNDATION,1:13:45,4425
825,18,53,9:51:34,35494,Kidney Foundation - BC/Y,1:13:57,4437
826,18,54,9:57:01,35821,Vancouver Desis,1:14:38,4478
827,18,55,9:58:14,35894,Amazing Grace,1:14:47,4487
828,18,56,9:58:52,35932,CPHR BC & Yukon,1:14:52,4492
829,18,57,10:19:18,37158,BC Nurses' Union,1:17:25,4645
830,18,58,10:25:51,37551,Team Taiwan Club,1:18:14,4694
831,18,59,10:31:44,37904,Run Hit Wander,1:18:58,4738
832,18,60,10:32:18,37938,Team Carnegie,1:19:03,4743
833,18,61,10:39:39,38379,The Nature Trust of British Columbia,1:19:58,4798
834,18,62,10:46:35,38795,Mordy's Fan Club,1:20:50,4850
835,18,63,11:16:48,40608,ARCHWAY,1:24:36,5076
836,18,64,11:19:16,40756,Aspire Richmond,1:24:55,5095
837,18,65,11:20:09,40809,ECHO Sunners '26,1:25:02,5102
838,18,66,12:07:20,43640,TCSBC,1:30:55,5455
839,18,67,12:58:51,46731,Brown Bears,1:37:22,5842
840,18,68,13:13:03,47583,Lee's Benevolent Association of Canada,1:39:08,5948
841,18,69,15:35:09,56109,Spectrum Runners and Rollers,1:56:54,7014
842,18,70,15:54:10,57250,Joy1Hey Together,1:59:17,7157
843,18,71,16:53:27,60807,Indo-Africa Charitable Society,2:06:41,7601
844,18,72,18:45:10,67510,Abreast Dragon Divas,2:20:39,8439
845,19,1,5:33:12,19992,Beedie,41:39,2499
846,19,2,5:38:37,20317,POMERLEAU,42:20,2540
847,19,3,5:48:43,20923,EllisDon,43:36,2616
848,19,4,5:55:32,21332,Bosa Properties,44:27,2667
849,19,5,6:02:19,21739,Team Kindred,45:18,2718
850,19,6,6:14:47,22487,Anthem,46:51,2811
851,19,7,6:15:09,22509,Ledcor,46:54,2814
852,19,8,6:20:10,22810,NORLAND,47:32,2852
853,19,9,6:21:15,22875,Onni Group,47:40,2860
854,19,10,6:38:59,23939,Axiom Builders Inc.,49:53,2993
855,19,11,6:39:26,23966,FRTP - CROSS FRASER PARTNERSHIP,49:56,2996
856,19,12,6:40:37,24037,SHAPE,50:05,3005
857,19,13,6:40:40,24040,Graham,50:05,3005
858,19,14,6:44:46,24286,Aquilini Development,50:36,3036
859,19,15,6:48:49,24529,Orion Construction,51:07,3067
860,19,16,6:50:45,24645,SkyLink RDLC Train Club,51:21,3081
861,19,17,6:51:03,24663,Concord Wellness Squad,51:23,3083
862,19,18,6:54:40,24880,BIRD CONSTRUCTION,51:50,3110
863,19,19,6:58:11,25091,HENRIQUEZ & FRIENDS,52:17,3137
864,19,20,6:59:12,25152,Canem Systems,52:24,3144
865,19,21,7:01:15,25275,Concert Properties,52:40,3160
866,19,22,7:04:23,25463,Station One Architects,53:03,3183
867,19,23,7:04:37,25477,Action Electric,53:05,3185
868,19,24,7:06:21,25581,Pacific Striders,53:18,3198
869,19,25,7:07:40,25660,Mosaic Homes,53:28,3208
870,19,26,7:10:12,25812,TRAXXON,53:47,3227
871,19,27,7:10:37,25837,Team ITC,53:50,3230
872,19,28,7:12:53,25973,Century Group,54:07,3247
873,19,29,7:13:41,26021,Syncra Construction,54:13,3253
874,19,30,7:15:30,26130,Isidore,54:27,3267
875,19,31,7:17:35,26255,Scott Construction,54:42,3282
876,19,32,7:18:33,26313,Francl,54:50,3290
877,19,33,7:19:18,26358,DIV15,54:55,3295
878,19,34,7:21:46,26506,GBL Speed Bumps,55:14,3314
879,19,35,7:23:54,26634,Polygon,55:30,3330
880,19,36,7:24:23,26663,Peterson,55:33,3333
881,19,37,7:24:29,26669,Cedar Coast,55:34,3334
882,19,38,7:26:44,26804,Chard Development,55:51,3351
883,19,39,7:26:55,26815,Infinity,55:52,3352
884,19,40,7:27:39,26859,Chandos Construction,55:58,3358
885,19,41,7:28:49,26929,WALES MCLELLAND,56:07,3367
886,19,42,7:31:06,27066,UBC Properties Trust,56:24,3384
887,19,43,7:33:22,27202,Darwin,56:41,3401
888,19,44,7:37:31,27451,Austeville Properties,57:12,3432
889,19,45,7:37:45,27465,dys Architecture,57:14,3434
890,19,46,7:40:24,27624,Urban Oneder's,57:33,3453
891,19,47,7:41:37,27697,Marconites,57:43,3463
892,19,48,7:47:16,28036,AHC,58:25,3505
893,19,49,7:48:00,28080,True Mechanical,58:30,3510
894,19,50,7:49:06,28146,Conwest,58:39,3519
895,19,51,7:51:39,28299,Revery Architecture,58:58,3538
896,19,52,7:59:12,28752,FRPD RUN CREW,59:54,3594
897,19,53,8:02:11,28931,The Runners,1:00:17,3617
898,19,54,8:06:30,29190,Third Space,1:00:49,3649
899,19,55,8:06:31,29191,Intergulf Development Group,1:00:49,3649
900,19,56,8:18:09,29889,Castlebrook Income Properties,1:02:17,3737
901,19,57,8:22:03,30123,Intracorp Homes,1:02:46,3766
902,19,58,8:25:01,30301,Nova Drywall,1:03:08,3788
903,19,59,8:27:33,30453,Spire,1:03:27,3807
904,19,60,8:29:38,30578,FLYNN VANCOUVER,1:03:43,3823
905,19,61,8:30:12,30612,LMS Reinforcing Steel Group,1:03:47,3827
906,19,62,8:34:38,30878,Built Different (By Kevington),1:04:20,3860
907,19,63,8:34:42,30882,Concrete Crushers,1:04:21,3861
908,19,64,8:36:02,30962,Grosvenor,1:04:31,3871
909,19,65,8:36:59,31019,Kinetic Energy,1:04:38,3878
910,19,66,8:43:56,31436,REOTECH,1:05:30,3930
911,19,67,8:45:34,31534,Prism Construction,1:05:42,3942
912,19,68,8:55:52,32152,WA Architects,1:06:59,4019
913,19,69,9:18:13,33493,Trillium Project Management,1:09:47,4187
914,19,70,9:18:20,33500,Liberty Homes,1:09:48,4188
915,19,71,9:18:42,33522,Nucor Rebar Fabrication,1:09:51,4191
916,19,72,9:26:43,34003,Arcadis,1:10:51,4251
917,19,73,9:33:22,34402,VC FLOOR,1:11:41,4301
918,19,74,9:44:01,35041,Remdal Building Solutions,1:13:01,4381
919,19,75,10:30:40,37840,Qualico,1:18:50,4730
920,19,76,10:53:41,39221,Creekside Fun Runners,1:21:43,4903
921,20,1,6:27:41,23261,CBRE Vancouver,48:28,2908
922,20,2,7:20:14,26414,First Service Residential,55:02,3302
923,20,3,7:23:53,26633,WPM/PCI,55:30,3330
924,20,4,7:29:28,26968,BGO,56:11,3371
925,20,5,7:36:41,27401,JLL,57:06,3426
926,20,6,7:56:54,28614,Team Ryan,59:37,3577
927,20,7,8:01:49,28909,NAI Commercial,1:00:14,3614
928,20,8,8:08:45,29325,Taurus Commercial Property Management,1:01:06,3666
929,20,9,8:12:18,29538,Exp Realty,1:01:33,3693
930,20,10,8:18:41,29921,Avison Young,1:02:21,3741
931,20,11,8:38:19,31099,Team KELLEO,1:04:48,3888
932,20,12,8:46:16,31576,Macdonald Commercial RES Ltd.,1:05:47,3947
933,20,13,8:58:48,32328,BC STRATA Building Runners,1:07:21,4041
934,20,14,9:01:08,32468,WeWork,1:07:39,4059
935,20,15,9:02:25,32545,TD Vancouver WCCA Team,1:07:49,4069
936,20,16,9:09:39,32979,RE/MAX Treeland,1:08:43,4123
937,20,17,9:50:32,35432,Property Pacers,1:13:49,4429
938,20,18,10:10:13,36613,Allied Properties,1:16:17,4577
939,20,19,10:14:45,36885,Dwellers,1:16:51,4611
940,20,20,10:33:59,38039,BHAYANA REAL ESTATE GROUP,1:19:15,4755
941,20,21,10:36:00,38160,The Home Navigators,1:19:30,4770
942,20,22,10:44:46,38686,Birds Nest Properties,1:20:36,4836
943,20,23,11:11:27,40287,CENTRUM,1:23:56,5036
944,20,24,12:09:12,43752,Korecki,1:31:09,5469
945,20,25,13:31:03,48663,Associa26,1:41:23,6083
946,20,26,16:11:08,58268,Golden Runners,2:01:24,7284
947,21,1,5:50:14,21014,General Fusion,43:47,2627
948,21,2,6:07:59,22079,Teck Resources Limited,46:00,2760
949,21,3,6:21:24,22884,Pan American Silver,47:41,2861
950,21,4,6:24:33,23073,FortisBC,48:05,2885
951,21,5,6:56:45,25005,Eldorado Gold,52:06,3126
952,21,6,7:02:19,25339,A & A Trading Ltd.,52:48,3168
953,21,7,7:08:07,25687,West Fraser Runners,53:31,3211
954,21,8,7:19:02,26342,Leslie Forest Products,54:53,3293
955,21,9,7:24:03,26643,Lundin Group,55:31,3331
956,21,10,7:32:35,27155,EVR RUNNERS,56:35,3395
957,21,11,7:34:19,27259,Equinox Gold,56:48,3408
958,21,12,7:52:30,28350,Inlailawatash,59:04,3544
959,21,13,7:56:14,28574,SGS,59:32,3572
960,21,14,8:34:38,30878,Don't be so Caustic,1:04:20,3860
961,21,15,9:44:16,35056,OceanaGold,1:13:02,4382
962,21,16,11:51:36,42696,Team Lhoist,1:28:57,5337
963,21,17,13:42:44,49364,AMC Consultants,1:42:51,6171
964,22,1,6:15:16,22516,Retail on the Run,46:55,2815
965,22,2,6:18:02,22682,JD SPORTS,47:16,2836
966,22,3,6:23:44,23024,ROBSON RUNS,47:58,2878
967,22,4,6:33:09,23589,Herschel Supply,49:09,2949
968,22,5,6:35:33,23733,Sushi Bar Ajisai,49:27,2967
969,22,6,7:01:57,25317,Metrows bathroom,52:45,3165
970,22,7,7:22:20,26540,DECATHLON,55:18,3318
971,22,8,7:27:03,26823,Mountain Equipment Company,55:53,3353
972,22,9,7:50:41,28241,LULU FP&A,58:51,3531
973,22,10,7:56:20,28580,Daniadown Home,59:33,3573
974,22,11,8:05:14,29114,BODY ENERGY CLUB,1:00:40,3640
975,22,12,8:20:18,30018,Stoko,1:02:33,3753
976,22,13,8:25:52,30352,Georgia Main Food Group,1:03:14,3794
977,22,14,8:27:12,30432,Meridian Farm Market,1:03:24,3804
978,22,15,8:41:21,31281,FAST AND THE FURIOUS,1:05:11,3911
979,22,16,8:53:46,32026,SAXX,1:06:44,4004
980,22,17,10:18:47,37127,Jan & Jul,1:17:21,4641
981,22,18,12:14:51,44091,H MART DOWNTOWN,1:31:52,5512
982,22,19,14:42:44,52964,Atlantic Chican Seafood,1:50:21,6621
983,23,1,6:46:20,24380,Article,50:48,3048
984,23,2,6:51:02,24662,Team Lenmark,51:23,3083
985,23,3,7:22:03,26523,Anytime Fitness_MSH Capital,55:16,3316
986,23,4,7:40:35,27635,Best Buy Canada Ltd,57:35,3455
987,23,5,7:43:17,27797,Lordco Auto Parts,57:55,3475
988,23,6,7:50:36,28236,F45 RCC,58:50,3530
989,23,7,8:13:03,29583,Kal Tire,1:01:38,3698
990,23,8,8:18:49,29929,Auto West Group,1:02:22,3742
991,23,9,8:23:20,30200,NaeNae & BaeBae,1:02:55,3775
992,23,10,8:26:13,30373,Miix in motion,1:03:17,3797
993,23,11,8:39:32,31172,Glentel Inc.,1:04:57,3897
994,23,12,8:56:35,32195,Lush,1:07:05,4025
995,23,13,9:10:57,33057,Cascadia Metals,1:08:53,4133
996,23,14,9:50:25,35425,Atkinson Landscaping,1:13:49,4429
997,23,15,10:08:56,36536,Sales. Snails & Family Trails,1:16:07,4567
998,23,16,10:53:09,39189,Oasis,1:21:39,4899
999,23,17,11:17:43,40663,TITANIUM FORD,1:24:43,5083
1000,23,18,11:40:25,42025,Transcontinental Printing,1:27:34,5254
1001,23,19,12:28:10,44890,All Cleared,1:33:32,5612
1002,24,1,4:45:39,17139,Fraser Street Run Club,35:43,2143
1003,24,2,4:56:03,17763,VFAC,37:01,2221
1004,24,3,6:07:38,22058,North Shore Lions Athletic Club,45:58,2758
1005,24,4,6:22:34,22954,SFU Run Club,47:50,2870
1006,24,5,6:32:21,23541,LAPOWER,49:03,2943
1007,24,6,6:33:17,23597,QVRC,49:10,2950
1008,24,7,6:34:30,23670,Punjab Running Club,49:19,2959
1009,24,8,6:49:09,24549,IRUN FITNESS CLUB,51:09,3069
1010,24,9,6:51:37,24697,Social Run Club,51:28,3088
1011,24,10,6:53:49,24829,Run From The Club,51:44,3104
1012,24,11,7:04:28,25468,Special Blend,53:04,3184
1013,24,12,7:11:52,25912,Striderz Run Club,53:59,3239
1014,24,13,7:18:30,26310,VKRC (VANCOUVER KOREAN RUNNING CLUB),54:49,3289
1015,24,14,7:26:29,26789,Surrey Runners,55:49,3349
1016,24,15,7:32:11,27131,GGUMTLE,56:32,3392
1017,24,16,7:35:24,27324,PR OR ER,56:56,3416
1018,24,17,7:36:42,27402,Westenders,57:06,3426
1019,24,18,7:38:06,27486,HUSTer,57:16,3436
1020,24,19,7:38:30,27510,Vancouver Frontrunners,57:19,3439
1021,24,20,7:39:23,27563,Gibsons Coffee Chasers,57:26,3446
1022,24,21,7:49:12,28152,The Forever Young Club,58:39,3519
1023,24,22,7:53:11,28391,Top Notch Masters,59:09,3549
1024,24,23,7:54:21,28461,MY LITTLE ETHAN CANT BE THIS CUTE,59:18,3558
1025,24,24,8:06:27,29187,SimStride,1:00:49,3649
1026,24,25,8:09:11,29351,POCO RUN CLUB,1:01:09,3669
1027,24,26,8:10:16,29416,Equilibrium Running,1:01:17,3677
1028,24,27,8:15:41,29741,Arise Run Club,1:01:58,3718
1029,24,28,8:19:42,29982,Pen Runners,1:02:28,3748
1030,24,29,8:37:38,31058,Yang Penting Lari,1:04:43,3883
1031,24,30,8:55:19,32119,Law in Motion,1:06:55,4015
1032,24,31,9:00:37,32437,SLOW GIRLS RUN CLUB,1:07:35,4055
1033,24,32,9:04:41,32681,UBC Sauder MBA '26,1:08:06,4086
1034,24,33,9:05:56,32756,UNA,1:08:15,4095
1035,24,34,9:13:09,33189,Zoomies Presents: Sunday Run Club,1:09:09,4149
1036,24,35,9:24:00,33840,Team Pagibig,1:10:30,4230
1037,24,36,9:41:08,34868,Sole Survivors,1:12:39,4359
1038,24,37,10:55:10,39310,Strong as a Mother Run Club,1:21:54,4914
1039,25,1,5:31:28,19888,Periodic Runners,41:26,2486
1040,25,2,6:13:25,22405,UBC AMS Triathlon Club,46:41,2801
1041,25,3,6:35:53,23753,Pacific Spirit Triathlon Club,49:30,2970
1042,25,4,6:38:19,23899,Heron Road-Runners,49:48,2988
1043,25,5,6:40:49,24049,UA LOCAL 170,50:07,3007
1044,25,6,6:59:45,25185,FLYRS,52:29,3149
1045,25,7,7:04:27,25467,The Arbutus Club,53:04,3184
1046,25,8,7:04:29,25469,Crappers Hockey,53:04,3184
1047,25,9,7:04:45,25485,St. Finnian's Vancouver,53:06,3186
1048,25,10,7:05:08,25508,SFUWUBC,53:09,3189
1049,25,11,7:07:30,25650,FCRCC,53:27,3207
1050,25,12,7:07:32,25652,Lads and Wags,53:27,3207
1051,25,13,7:12:31,25951,Bombers fc,54:04,3244
1052,25,14,7:13:39,26019,The Vancouver Club,54:13,3253
1053,25,15,7:18:22,26302,POLICE TRAINING VANCOUVER X REDLINE CONDITIONING,54:48,3288
1054,25,16,7:21:32,26492,Purple Dragon Kitsilano,55:12,3312
1055,25,17,7:21:57,26517,BIG TSUNAMI,55:15,3315
1056,25,18,7:22:08,26528,VJEC RUNNING TEAM,55:16,3316
1057,25,19,7:28:04,26884,PKU Vancouver Alumni,56:01,3361
1058,25,20,7:37:33,27453,CKGSB,57:12,3432
1059,25,21,7:46:12,27972,Delta Deas Rowing Club,58:17,3497
1060,25,22,7:57:55,28675,Where's my Uber,59:45,3585
1061,25,23,7:59:29,28769,Cookie Run,59:57,3597
1062,25,24,8:02:07,28927,Nice# Triathletes,1:00:16,3616
1063,25,25,8:02:26,28946,UBC MOT FRASER,1:00:19,3619
1064,25,26,8:06:29,29189,BassPace180bpm,1:00:49,3649
1065,25,27,8:09:20,29360,Kyokushin kan Vancouver,1:01:10,3670
1066,25,28,8:10:46,29446,SFU RUGBY CLUB,1:01:21,3681
1067,25,29,8:17:06,29826,BCKC,1:02:09,3729
1068,25,30,8:19:18,29958,The Two (Doughnut) Towers,1:02:25,3745
1069,25,31,8:26:08,30368,Domtar,1:03:16,3796
1070,25,32,8:26:42,30402,SEE,1:03:21,3801
1071,25,33,8:31:12,30672,Motley Crew,1:03:54,3834
1072,25,34,8:32:10,30730,VanCity Bhangra,1:04:02,3842
1073,25,35,8:51:34,31894,K-Van Squash,1:06:27,3987
1074,25,36,9:01:13,32473,H.O.D,1:07:40,4060
1075,25,37,9:29:54,34194,Tsinghua Alumni,1:11:15,4275
1076,25,38,9:34:23,34463,Kamloops Girls,1:11:48,4308
1077,25,39,9:36:20,34580,Run Now. Wine Later,1:12:03,4323
1078,25,40,9:43:36,35016,SWEET STRIDERS,1:12:57,4377
1079,25,41,10:29:33,37773,PM Hive,1:18:42,4722
1080,25,42,10:30:47,37847,THE COFFEE CLIMBERS,1:18:51,4731
1081,25,43,11:12:20,40340,Sunshines <3,1:24:03,5043
1082,25,44,11:15:22,40522,UPAABC,1:24:26,5066
1083,25,45,11:23:57,41037,Row Models,1:25:30,5130
1084,25,46,11:42:29,42149,Busenkai,1:27:49,5269
1085,25,47,12:06:20,43580,Team Kashmir,1:30:48,5448
1086,25,48,13:29:27,48567,The Cracks & Pops Joint Venture,1:41:11,6071
1087,25,49,13:55:18,50118,Fearless Runners,1:44:25,6265
1088,25,50,14:46:47,53207,Eventual Winners,1:50:51,6651
1089,25,51,14:48:05,53285,Obhijatree,1:51:01,6661
1090,25,52,15:59:30,57570,SHENSHEN'S,1:59:57,7197
1091,25,53,18:01:20,64880,D-Fyance,2:15:10,8110
1092,26,1,5:24:53,19493,Seaspan Coasters,40:37,2437
1093,26,2,5:29:30,19770,TransLink,41:12,2472
1094,26,3,6:03:47,21827,YVR Flight Club,45:29,2729
1095,26,4,6:32:26,23546,Team Seaspan,49:04,2944
1096,26,5,6:38:04,23884,Vancouver Fraser Port Authority,49:46,2986
1097,26,6,6:54:45,24885,PBX Logistics,51:51,3111
1098,26,7,6:54:49,24889,Global Container Terminals,51:52,3112
1099,26,8,6:59:39,25179,Neptune Terminals,52:28,3148
1100,26,9,7:25:05,26705,Pacific Coastal Airlines,55:39,3339
1101,26,10,7:33:06,27186,Teamsters Rail,56:39,3399
1102,26,11,7:43:11,27791,Gordon Food Service,57:54,3474
1103,26,12,7:45:21,27921,BCMEA,58:11,3491
1104,26,13,7:49:23,28163,Teekay,58:41,3521
1105,26,14,7:52:13,28333,TEAM DHL,59:02,3542
1106,26,15,7:57:37,28657,Westjet,59:43,3583
1107,26,16,8:16:32,29792,HYB,1:02:04,3724
1108,26,17,8:23:19,30199,COLLEY WEST SHIPPING LTD.,1:02:55,3775
1109,26,18,8:23:58,30238,Commercial,1:03:00,3780
1110,26,19,8:43:15,31395,AIR CANADA FLYERS,1:05:25,3925
1111,26,20,8:47:49,31669,FLIGHT AT ITS FASTEST,1:05:59,3959
1112,26,21,8:56:38,32198,No Fault Found,1:07:05,4025
1113,26,22,9:00:17,32417,Heliproducts Industries Ltd,1:07:33,4053
1114,26,23,9:04:37,32677,RRA Group,1:08:05,4085
1115,26,24,9:06:00,32760,OLDENDORFF,1:08:15,4095
1116,26,25,9:17:19,33439,CPC,1:09:40,4180
1117,26,26,9:32:52,34372,LAMBORGHINI VANCOUVER,1:11:37,4297
1118,26,27,9:49:27,35367,Purolator,1:13:41,4421
1119,26,28,10:31:53,37913,NEW CENTURY GROUP,1:19:00,4740
1120,26,29,10:37:10,38230,TEAM VANTAGE,1:19:39,4779
1121,26,30,10:42:43,38563,Wallenius Wilhelmsen,1:20:21,4821
1122,26,31,10:49:42,38982,ABCoast,1:21:13,4873
1123,26,32,11:01:31,39691,Seair Beavers,1:22:42,4962
1124,26,33,11:30:11,41411,Triple Eight Family,1:26:17,5177
1125,26,34,11:54:21,42861,Arrow | RUN THE ROADS,1:29:18,5358
1126,26,35,13:16:46,47806,Yang Ming Shipping Canada,1:39:36,5976
1127,27,1,5:08:55,18535,AM1320 CHMB,38:37,2317
1128,27,2,7:07:34,25654,Algo,53:27,3207
1129,27,3,8:04:42,29082,Novus Wi-Flyers,1:00:36,3636
1130,27,4,9:09:08,32948,Encepta Team,1:08:39,4119
1131,27,5,9:25:08,33908,Quectel,1:10:39,4239
1132,27,6,10:25:56,37556,Granville Groaners,1:18:15,4695
1133,28,1,5:45:39,20739,tentree & veritree,43:13,2593
1134,28,2,5:49:21,20961,ICON Creative Studio,43:41,2621
1135,28,3,5:59:22,21562,TEAM ARC'TERYX,44:56,2696
1136,28,4,6:04:17,21857,The Force,45:33,2733
1137,28,5,6:04:31,21871,VSR Pacers Team,45:34,2734
1138,28,6,6:05:04,21904,Kettlebells & Kilometers,45:38,2738
1139,28,7,6:09:31,22171,Xenon Pharmaceuticals - 10K Open,46:12,2772
1140,28,8,6:09:48,22188,PCL Best Coast Runners,46:14,2774
1141,28,9,6:10:08,22208,MTU Maintenance (MTU Maintenance Canada Ltd.),46:16,2776
1142,28,10,6:10:31,22231,CASH ME IF YOU CAN,46:19,2779
1143,28,11,6:17:06,22626,LEON LEBENISTE,47:09,2829
1144,28,12,6:19:56,22796,Trulioo,47:30,2850
1145,28,13,6:24:54,23094,Turner Construction,48:07,2887
1146,28,14,6:25:24,23124,Roadrunners,48:11,2891
1147,28,15,6:30:34,23434,noissue,48:50,2930
1148,28,16,6:36:21,23781,SBW,49:33,2973
1149,28,17,6:38:14,23894,RUNNERGEX,49:47,2987
1150,28,18,6:39:09,23949,BTY Group,49:54,2994
1151,28,19,6:40:42,24042,GREAT LITTLE BOX COMPANY,50:06,3006
1152,28,20,6:43:13,24193,Walt Disney Animation Studios,50:25,3025
1153,28,21,6:43:31,24211,West Coast Reduction,50:27,3027
1154,28,22,6:44:04,24244,BA Blacktop Team,50:31,3031
1155,28,23,6:54:37,24877,Gateway Casinos,51:50,3110
1156,28,24,6:55:10,24910,Methanex Runners,51:54,3114
1157,28,25,6:56:03,24963,TMC Group,52:01,3121
1158,28,26,6:56:57,25017,DIALOG,52:08,3128
1159,28,27,6:57:42,25062,Korn Ferry,52:13,3133
1160,28,28,6:57:47,25067,Longboard Racers,52:14,3134
1161,28,29,6:58:14,25094,LeanFit,52:17,3137
1162,28,30,6:59:28,25168,FUN VAN RUN,52:26,3146
1163,28,31,6:59:56,25196,ICONIX,52:30,3150
1164,28,32,7:00:10,25210,Hollyburn Country Club,52:32,3152
1165,28,33,7:00:57,25257,B&M Spec'd for Speed,52:38,3158
1166,28,34,7:03:30,25410,One Run Club,52:57,3177
1167,28,35,7:04:22,25462,Tricor Pacific Capital,53:03,3183
1168,28,36,7:05:53,25553,UBC Intramurals Staff,53:15,3195
1169,28,37,7:05:55,25555,Quadient,53:15,3195
1170,28,38,7:06:28,25588,IKEA BC,53:19,3199
1171,28,39,7:08:12,25692,Lyft Commodity,53:32,3212
1172,28,40,7:08:23,25703,GO SHEARWATER!,53:33,3213
1173,28,41,7:09:50,25790,Distillery VFX,53:44,3224
1174,28,42,7:10:15,25815,Creative Energy,53:47,3227
1175,28,43,7:10:21,25821,LATECOERE,53:48,3228
1176,28,44,7:10:22,25822,Absolute Security,53:48,3228
1177,28,45,7:10:43,25843,Bardel,53:51,3231
1178,28,46,7:11:23,25883,SLR Consulting,53:56,3236
1179,28,47,7:11:55,25915,B&B Contracting Group,54:00,3240
1180,28,48,7:12:03,25923,NETGEAR,54:01,3241
1181,28,49,7:12:25,25945,Corix,54:04,3244
1182,28,50,7:12:36,25956,RUNNING WILD!,54:05,3245
1183,28,51,7:13:36,26016,F45 Newton,54:12,3252
1184,28,52,7:16:00,26160,hcma,54:30,3270
1185,28,53,7:16:02,26162,Four Lakes Road Runners,54:31,3271
1186,28,54,7:16:26,26186,PML Professional Mechanical Ltd.,54:34,3274
1187,28,55,7:16:41,26201,UKRAINE,54:36,3276
1188,28,56,7:18:09,26289,Amrize & Shine,54:47,3287
1189,28,57,7:18:35,26315,Axe Fitness,54:50,3290
1190,28,58,7:18:56,26336,AMPM SYSTEMS,54:52,3292
1191,28,59,7:20:51,26451,SJTU Vancouver Alumni,55:07,3307
1192,28,60,7:21:25,26485,Crop it Like it's Hot,55:11,3311
1193,28,61,7:24:16,26656,MFA,55:32,3332
1194,28,62,7:26:41,26801,Thinkspace 2026,55:51,3351
1195,28,63,7:28:04,26884,CITY ELECTRIC SUPPLY,56:01,3361
1196,28,64,7:28:11,26891,Dakeryn Donkeys,56:02,3362
1197,28,65,7:30:00,27000,JTU,56:15,3375
1198,28,66,7:31:07,27067,WhiteWater West,56:24,3384
1199,28,67,7:31:47,27107,CDC Construction Ltd,56:29,3389
1200,28,68,7:31:53,27113,LIVE NATION,56:30,3390
1201,28,69,7:32:54,27174,SEAPEAK,56:37,3397
1202,28,70,7:33:11,27191,Blueline Electric,56:39,3399
1203,28,71,7:33:21,27201,GeoFlash,56:41,3401
1204,28,72,7:33:26,27206,Monark,56:41,3401
1205,28,73,7:33:56,27236,Ocean Brands,56:45,3405
1206,28,74,7:33:57,27237,GFL Environmental Services Inc. - Liquid West,56:45,3405
1207,28,75,7:34:41,27281,Greenlight Grunners,56:51,3411
1208,28,76,7:36:52,27412,C3 Alliance,57:07,3427
1209,28,77,7:39:25,27565,F45 Burnaby West,57:26,3446
1210,28,78,7:39:48,27588,Pandesal Pacers,57:29,3449
1211,28,79,7:40:28,27628,Global Gourmet Foods,57:34,3454
1212,28,80,7:40:54,27654,Arca Climate Technologies,57:37,3457
1213,28,81,7:42:48,27768,OMNI Hazmat,57:51,3471
1214,28,82,7:45:14,27914,CarboNet,58:10,3490
1215,28,83,7:45:24,27924,Enersys,58:11,3491
1216,28,84,7:46:27,27987,KPS,58:19,3499
1217,28,85,7:47:31,28051,Peregrine,58:27,3507
1218,28,86,7:47:34,28054,BOP Architects,58:27,3507
1219,28,87,7:48:30,28110,Audi Richmond,58:34,3514
1220,28,88,7:48:33,28113,PARKIN,58:35,3515
1221,28,89,7:49:06,28146,BLACKLINE SITE WORKS,58:39,3519
1222,28,90,7:49:13,28153,ZODIAC HURRICANE TECHNOLOGIES,58:40,3520
1223,28,91,7:49:31,28171,VAN Creation Technologies,58:42,3522
1224,28,92,7:49:32,28172,EVA AIR,58:42,3522
1225,28,93,7:49:51,28191,Whistler Glass 26,58:44,3524
1226,28,94,7:50:13,28213,CrossFit Milo,58:47,3527
1227,28,95,7:50:33,28233,Build Direct,58:50,3530
1228,28,96,7:54:40,28480,Richmond Cement,59:20,3560
1229,28,97,7:55:17,28517,Rooster Runners,59:25,3565
1230,28,98,7:55:47,28547,PAPERTECH,59:29,3569
1231,28,99,7:59:07,28747,Flotation Nation,59:54,3594
1232,28,100,7:59:11,28751,Stilewood,59:54,3594
1233,28,101,8:01:15,28875,studioHuB architects,1:00:10,3610
1234,28,102,8:02:42,28962,Musqueam Indian Band,1:00:21,3621
1235,28,103,8:03:11,28991,Conair 2026 Sun Run,1:00:24,3624
1236,28,104,8:04:11,29051,Perkins Eastman,1:00:32,3632
1237,28,105,8:05:06,29106,Cho Love - 10K Open,1:00:39,3639
1238,28,106,8:05:11,29111,Team Horizon,1:00:39,3639
1239,28,107,8:06:02,29162,Inhaus Running,1:00:46,3646
1240,28,108,8:07:15,29235,Team MOVE,1:00:55,3655
1241,28,109,8:11:36,29496,LEGENDs RUN CLUB,1:01:27,3687
1242,28,110,8:12:03,29523,Land Runners,1:01:31,3691
1243,28,111,8:12:13,29533,Infoblox,1:01:32,3692
1244,28,112,8:16:34,29794,Watson Gloves,1:02:05,3725
1245,28,113,8:17:26,29846,Universe Muay Thai,1:02:11,3731
1246,28,114,8:18:55,29935,Galaxy Spuds,1:02:22,3742
1247,28,115,8:21:37,30097,HEVVY HITTERS,1:02:43,3763
1248,28,116,8:22:31,30151,StandardAero,1:02:49,3769
1249,28,117,8:23:02,30182,Strand Runners,1:02:53,3773
1250,28,118,8:23:42,30222,SPINCO BURNABY,1:02:58,3778
1251,28,119,8:25:12,30312,JANICORP,1:03:09,3789
1252,28,120,8:25:44,30344,Orca Bay Properties,1:03:13,3793
1253,28,121,8:26:44,30404,Eminence Organic Skin Care,1:03:21,3801
1254,28,122,8:35:43,30943,Acuitas Therapeutics,1:04:28,3868
1255,28,123,8:35:55,30955,Team PPCR,1:04:30,3870
1256,28,124,8:37:50,31070,Bird Vitalus Project,1:04:44,3884
1257,28,125,8:40:24,31224,The Rock Runners,1:05:03,3903
1258,28,126,8:40:58,31258,Maple Reinders Constructors Ltd.,1:05:08,3908
1259,28,127,8:41:48,31308,Rival Group,1:05:14,3914
1260,28,128,8:42:57,31377,Regency Ignition Force,1:05:23,3923
1261,28,129,8:45:15,31515,JBC,1:05:40,3940
1262,28,130,8:46:43,31603,MakerLabs,1:05:51,3951
1263,28,131,8:46:52,31612,Just Runnin From Our Problems,1:05:52,3952
1264,28,132,8:48:32,31712,Kandor,1:06:04,3964
1265,28,133,8:54:07,32047,Rolling Stones,1:06:46,4006
1266,28,134,8:54:13,32053,Toyota Runners,1:06:47,4007
1267,28,135,8:55:02,32102,RED FM,1:06:53,4013
1268,28,136,8:55:51,32151,CHRIS DIKEAKOS ARCHITECTS,1:06:59,4019
1269,28,137,8:58:06,32286,No.1 Collision Group,1:07:16,4036
1270,28,138,8:59:20,32360,CSA Group,1:07:25,4045
1271,28,139,8:59:26,32366,Puratos Canada,1:07:26,4046
1272,28,140,9:00:34,32434,Team Vitalus,1:07:35,4055
1273,28,141,9:01:05,32465,SAMLEX AMERICA TEAM,1:07:39,4059
1274,28,142,9:01:07,32467,Aaristacrats,1:07:39,4059
1275,28,143,9:01:56,32516,TAIWAN,1:07:45,4065
1276,28,144,9:05:30,32730,RUN FOREST RUN!,1:08:12,4092
1277,28,145,9:06:22,32782,Richmond Steel Recycling,1:08:18,4098
1278,28,146,9:06:26,32786,Molicel Chargers,1:08:19,4099
1279,28,147,9:07:22,32842,Mi Famiglia,1:08:26,4106
1280,28,148,9:09:42,32982,Caf  Carlos,1:08:43,4123
1281,28,149,9:10:03,33003,Battery Rams,1:08:46,4126
1282,28,150,9:12:15,33135,Inventa Pacers,1:09:02,4142
1283,28,151,9:17:55,33475,CAC,1:09:45,4185
1284,28,152,9:18:18,33498,Offworld,1:09:48,4188
1285,28,153,9:20:36,33636,PNP,1:10:05,4205
1286,28,154,9:21:46,33706,OXDTF,1:10:14,4214
1287,28,155,9:21:47,33707,Salit Steel BC,1:10:14,4214
1288,28,156,9:25:10,33910,Storkcraft,1:10:39,4239
1289,28,157,9:26:50,34010,AVANADE,1:10:52,4252
1290,28,158,9:27:52,34072,INTERNATIONAL WATER-GUARD INDUSTRIES INC.,1:10:59,4259
1291,28,159,9:29:08,34148,ORCA SEAFOODS,1:11:09,4269
1292,28,160,9:29:29,34169,Accurpress,1:11:12,4272
1293,28,161,9:30:50,34250,Team Spica,1:11:22,4282
1294,28,162,9:36:39,34599,GO! FRANCISCANS,1:12:05,4325
1295,28,163,9:37:52,34672,Forwardspace,1:12:14,4334
1296,28,164,9:41:22,34882,Garaventa Lift,1:12:41,4361
1297,28,165,9:42:59,34979,PRACHACHON,1:12:53,4373
1298,28,166,9:43:44,35024,Kim's Choice Food Inc,1:12:58,4378
1299,28,167,9:48:10,35290,Ritchie Bros,1:13:32,4412
1300,28,168,9:48:24,35304,Borealis Biosciences,1:13:33,4413
1301,28,169,9:48:43,35323,Earnscliffe,1:13:36,4416
1302,28,170,9:51:10,35470,Type One Energy Vancouver,1:13:54,4434
1303,28,171,9:51:17,35477,SINDY STRONG,1:13:55,4435
1304,28,172,9:51:54,35514,UY PILIPINS,1:14:00,4440
1305,28,173,9:55:17,35717,Run For Daisy,1:14:25,4465
1306,28,174,9:55:52,35752,Inland,1:14:29,4469
1307,28,175,10:02:29,36149,SSA Marine Canada Ltd.,1:15:19,4519
1308,28,176,10:02:47,36167,TFN SEAQUAM STRIDERS,1:15:21,4521
1309,28,177,10:03:09,36189,KMBR SUN RUNNERS,1:15:24,4524
1310,28,178,10:06:21,36381,Red Pill Labs,1:15:48,4548
1311,28,179,10:08:34,36514,Canfisco Group,1:16:05,4565
1312,28,180,10:09:23,36563,Ideal Welders,1:16:11,4571
1313,28,181,10:13:25,36805,WJ Packaging Solutions,1:16:41,4601
1314,28,182,10:18:17,37097,Texcan Trailblazers,1:17:18,4638
1315,28,183,10:23:24,37404,TEAM CASCADIA,1:17:56,4676
1316,28,184,10:23:46,37426,Team Blue,1:17:59,4679
1317,28,185,10:24:02,37442,Fertin Canada - Mint Masters,1:18:01,4681
1318,28,186,10:27:34,37654,M Moser Associates,1:18:27,4707
1319,28,187,10:29:09,37749,PROLAB,1:18:39,4719
1320,28,188,10:33:40,38020,Montship Inc.,1:19:13,4753
1321,28,189,10:35:22,38122,Buns on the Run,1:19:26,4766
1322,28,190,10:40:45,38445,MADNESS,1:20:06,4806
1323,28,191,10:44:39,38679,Hartung Glass Runners,1:20:35,4835
1324,28,192,10:45:17,38717,TEAM GUZZO,1:20:40,4840
1325,28,193,10:45:49,38749,30 Minute Hit,1:20:44,4844
1326,28,194,10:50:49,39049,Confidence in Motion,1:21:22,4882
1327,28,195,10:51:00,39060,TEAM HIGHLAND,1:21:23,4883
1328,28,196,10:53:25,39205,ASCO,1:21:41,4901
1329,28,197,10:53:56,39236,ADENTRA,1:21:45,4905
1330,28,198,10:57:35,39455,Sterigenics,1:22:12,4932
1331,28,199,11:17:55,40675,Tricity Tenacity,1:24:45,5085
1332,28,200,11:23:42,41022,Falkbuilt by Innovior,1:25:28,5128
1333,28,201,11:35:09,41709,SOA,1:26:54,5214
1334,28,202,11:49:34,42574,Lotus LED Lights,1:28:42,5322
1335,28,203,11:50:45,42645,Chan'ce Family,1:28:51,5331
1336,28,204,11:55:51,42951,SWIFT,1:29:29,5369
1337,28,205,12:11:04,43864,STORMTEC,1:31:23,5483
1338,28,206,12:17:44,44264,Voltech Alarm & Sprint,1:32:13,5533
1339,28,207,12:19:46,44386,THE STEVENS COMPANY,1:32:29,5549
1340,28,208,12:23:54,44634,Team Heinrichs,1:33:00,5580
1341,28,209,12:28:35,44915,Hundies Frosted Runaways,1:33:35,5615
1342,28,210,12:31:30,45090,Hope Knees Last,1:33:57,5637
1343,28,211,12:45:47,45947,Avino Silver & Gold Mines Ltd.,1:35:44,5744
1344,28,212,12:48:46,46126,Alternatives,1:36:06,5766
1345,28,213,14:00:44,50444,Multigraphics Ltd.,1:45:06,6306
1346,28,214,14:38:21,52701,ESK JANITORIAL,1:49:48,6588
1347,28,215,16:37:46,59866,Klondike Cold Storage,2:04:44,7484
1348,29,1,5:25:12,19512,Hollyburn XC Ski Club,40:39,2439
1349,29,2,5:31:47,19907,EXCELERATION,41:29,2489
1350,29,3,5:40:51,20451,VCS Phoenix,42:37,2557
1351,29,4,5:52:01,21121,Steveston Striders,44:01,2641
1352,29,5,5:55:38,21338,PW MINI,44:28,2668
1353,29,6,5:56:01,21361,PSW Run Club,44:31,2671
1354,29,7,6:06:12,21972,Summerland Rockets,45:47,2747
1355,29,8,6:07:46,22066,Mulgrave Titans,45:59,2759
1356,29,9,6:16:27,22587,Blues Run Club - Youth,47:04,2824
1357,29,10,6:16:34,22594,UHill Hawks,47:05,2825
1358,29,11,6:18:21,22701,Banting Blaze,47:18,2838
1359,29,12,6:18:44,22724,Pacific Academy,47:21,2841
1360,29,13,6:19:18,22758,Ecole secondaire Jules-Verne,47:25,2845
1361,29,14,6:19:36,22776,Killarney Secondary,47:27,2847
1362,29,15,6:21:09,22869,SRT Titans,47:39,2859
1363,29,16,6:23:59,23039,Crosstown Crows,48:00,2880
1364,29,17,6:29:22,23362,STMC Knights,48:41,2921
1365,29,18,6:30:03,23403,Sutherland Sabres 2026,48:46,2926
1366,29,19,6:31:57,23517,Windermere Warriors (Windermere Secondary School),49:00,2940
1367,29,20,6:33:58,23638,Thompson Trojans,49:15,2955
1368,29,21,6:35:05,23705,Vancouver Christian School,49:24,2964
1369,29,22,6:38:03,23883,Helping Hearts Youth Foundation,49:46,2986
1370,29,23,6:43:36,24216,SJS Eagles,50:27,3027
1371,29,24,6:44:27,24267,Stratford Hall Sabres,50:34,3034
1372,29,25,6:44:48,24288,CMF Sporting 2026,50:36,3036
1373,29,26,7:01:55,25315,corpus Christi Cardinals,52:45,3165
1374,29,27,7:03:52,25432,Semiahmoo Running Thunder,52:59,3179
1375,29,28,7:04:43,25483,Mustangs - Youth,53:06,3186
1376,29,29,7:05:39,25539,746 RCACS,53:13,3193
1377,29,30,7:07:43,25663,Lynn Valley Elementary,53:28,3208
1378,29,31,7:11:06,25866,MacNeill Ravens,53:54,3234
1379,29,32,7:12:05,25925,Southridge School,54:01,3241
1380,29,33,7:17:15,26235,QUEEN ELIZABETH RUNNING ROYALS,54:40,3280
1381,29,34,7:19:21,26361,Singing Whales,54:56,3296
1382,29,35,7:19:35,26375,DSS Pacers,54:57,3297
1383,29,36,7:19:41,26381,Eric Hamber Secondary,54:58,3298
1384,29,37,7:25:44,26744,Mustangs,55:43,3343
1385,29,38,7:26:55,26815,squamish firebolts,55:52,3352
1386,29,39,7:27:52,26872,LAPOWER YOUTH,55:59,3359
1387,29,40,7:33:26,27206,COUSTEAU SCHOOL,56:41,3401
1388,29,41,7:35:01,27301,SPEEDERS,56:53,3413
1389,29,42,7:36:27,27387,Taylor Park Builders,57:04,3424
1390,29,43,7:37:29,27449,Kitchener Hawks,57:12,3432
1391,29,44,7:39:16,27556,ACTIVE LIVING 2025-26,57:25,3445
1392,29,45,7:43:02,27782,PSA Lifesaving Sport,57:53,3473
1393,29,46,7:43:48,27828,That Team,57:59,3479
1394,29,47,7:44:59,27899,PALMER GRIFFINS,58:08,3488
1395,29,48,7:49:11,28151,SFX DRAGONS,58:39,3519
1396,29,49,7:49:17,28157,Eternal Dragon,58:40,3520
1397,29,50,7:51:09,28269,VISST Velocity,58:54,3534
1398,29,51,7:51:33,28293,33rd K.C. Scout Group,58:57,3537
1399,29,52,7:56:10,28570,West End Run Crew,59:32,3572
1400,29,53,7:59:08,28748,759 Falcon,59:54,3594
1401,29,54,8:01:45,28905,Camosun Coureurs,1:00:14,3614
1402,29,55,8:06:45,29205,RUN4FUN,1:00:51,3651
1403,29,56,8:18:01,29881,Fast and Curious,1:02:16,3736
1404,29,57,8:19:08,29948,Carney Running Stars,1:02:24,3744
1405,29,58,8:19:15,29955,47 Captain Vancouver Sea Cadets,1:02:25,3745
1406,29,59,8:24:46,30286,BC SUPER KINGS,1:03:06,3786
1407,29,60,8:32:46,30766,583 Coronation Squadron,1:04:06,3846
1408,29,61,8:35:18,30918,Burnaby South Rebels,1:04:25,3865
1409,29,62,8:40:15,31215,Team VATA - Youth,1:05:02,3902
1410,29,63,8:40:43,31243,John Knox Christian School,1:05:06,3906
1411,29,64,8:50:51,31851,L'Ecole Bilingue,1:06:22,3982
1412,29,65,8:51:09,31869,Meadowridge,1:06:24,3984
1413,29,66,8:58:52,32332,Queen Mary Eagles,1:07:22,4042
1414,29,67,9:17:16,33436,Nelson Tigers,1:09:40,4180
1415,29,68,9:29:21,34161,Forest Grove Elementary School,1:11:11,4271
1416,29,69,10:45:19,38719,RUN TITANS RUN,1:20:40,4840
1417,29,70,12:11:52,43912,St. Lawrence Strength,1:31:29,5489
1418,29,71,12:37:30,45450,OLGC Knights,1:34:42,5682
